-- 插入全部 39 所 985 高校数据
INSERT INTO schools (id, name, province_id, city, level, is_985, is_211, is_double_first_class, category, batch, description, details, website, phone) VALUES 
(1, '清华大学', 1, '北京市', '本科', TRUE, TRUE, TRUE, '综合类', '本科一批', '中国顶尖985高校', '清华大学是国家985工程、211工程、双一流重点建设高校。', 'https://www.edu.cn', '010-12345678'),
(2, '北京大学', 1, '北京市', '本科', TRUE, TRUE, TRUE, '综合类', '本科一批', '中国顶尖985高校', '北京大学是国家985工程、211工程、双一流重点建设高校。', 'https://www.edu.cn', '010-12345678'),
(3, '中国人民大学', 1, '北京市', '本科', TRUE, TRUE, TRUE, '综合类', '本科一批', '中国顶尖985高校', '中国人民大学是国家985工程、211工程、双一流重点建设高校。', 'https://www.edu.cn', '010-12345678'),
(4, '北京航空航天大学', 1, '北京市', '本科', TRUE, TRUE, TRUE, '理工类', '本科一批', '中国顶尖985高校', '北京航空航天大学是国家985工程、211工程、双一流重点建设高校。', 'https://www.edu.cn', '010-12345678'),
(5, '北京理工大学', 1, '北京市', '本科', TRUE, TRUE, TRUE, '理工类', '本科一批', '中国顶尖985高校', '北京理工大学是国家985工程、211工程、双一流重点建设高校。', 'https://www.edu.cn', '010-12345678'),
(6, '中国农业大学', 1, '北京市', '本科', TRUE, TRUE, TRUE, '综合类', '本科一批', '中国顶尖985高校', '中国农业大学是国家985工程、211工程、双一流重点建设高校。', 'https://www.edu.cn', '010-12345678'),
(7, '北京师范大学', 1, '北京市', '本科', TRUE, TRUE, TRUE, '综合类', '本科一批', '中国顶尖985高校', '北京师范大学是国家985工程、211工程、双一流重点建设高校。', 'https://www.edu.cn', '010-12345678'),
(8, '中央民族大学', 1, '北京市', '本科', TRUE, TRUE, TRUE, '综合类', '本科一批', '中国顶尖985高校', '中央民族大学是国家985工程、211工程、双一流重点建设高校。', 'https://www.edu.cn', '010-12345678'),
(9, '南开大学', 2, '天津市', '本科', TRUE, TRUE, TRUE, '综合类', '本科一批', '中国顶尖985高校', '南开大学是国家985工程、211工程、双一流重点建设高校。', 'https://www.edu.cn', '010-12345678'),
(10, '天津大学', 2, '天津市', '本科', TRUE, TRUE, TRUE, '理工类', '本科一批', '中国顶尖985高校', '天津大学是国家985工程、211工程、双一流重点建设高校。', 'https://www.edu.cn', '010-12345678'),
(11, '大连理工大学', 6, '大连市', '本科', TRUE, TRUE, TRUE, '理工类', '本科一批', '中国顶尖985高校', '大连理工大学是国家985工程、211工程、双一流重点建设高校。', 'https://www.edu.cn', '010-12345678'),
(12, '东北大学', 6, '沈阳市', '本科', TRUE, TRUE, TRUE, '理工类', '本科一批', '中国顶尖985高校', '东北大学是国家985工程、211工程、双一流重点建设高校。', 'https://www.edu.cn', '010-12345678'),
(13, '吉林大学', 7, '长春市', '本科', TRUE, TRUE, TRUE, '综合类', '本科一批', '中国顶尖985高校', '吉林大学是国家985工程、211工程、双一流重点建设高校。', 'https://www.edu.cn', '010-12345678'),
(14, '哈尔滨工业大学', 8, '哈尔滨市', '本科', TRUE, TRUE, TRUE, '理工类', '本科一批', '中国顶尖985高校', '哈尔滨工业大学是国家985工程、211工程、双一流重点建设高校。', 'https://www.edu.cn', '010-12345678'),
(15, '复旦大学', 9, '上海市', '本科', TRUE, TRUE, TRUE, '综合类', '本科一批', '中国顶尖985高校', '复旦大学是国家985工程、211工程、双一流重点建设高校。', 'https://www.edu.cn', '010-12345678'),
(16, '同济大学', 9, '上海市', '本科', TRUE, TRUE, TRUE, '理工类', '本科一批', '中国顶尖985高校', '同济大学是国家985工程、211工程、双一流重点建设高校。', 'https://www.edu.cn', '010-12345678'),
(17, '上海交通大学', 9, '上海市', '本科', TRUE, TRUE, TRUE, '综合类', '本科一批', '中国顶尖985高校', '上海交通大学是国家985工程、211工程、双一流重点建设高校。', 'https://www.edu.cn', '010-12345678'),
(18, '华东师范大学', 9, '上海市', '本科', TRUE, TRUE, TRUE, '综合类', '本科一批', '中国顶尖985高校', '华东师范大学是国家985工程、211工程、双一流重点建设高校。', 'https://www.edu.cn', '010-12345678'),
(19, '南京大学', 10, '南京市', '本科', TRUE, TRUE, TRUE, '综合类', '本科一批', '中国顶尖985高校', '南京大学是国家985工程、211工程、双一流重点建设高校。', 'https://www.edu.cn', '010-12345678'),
(20, '东南大学', 10, '南京市', '本科', TRUE, TRUE, TRUE, '综合类', '本科一批', '中国顶尖985高校', '东南大学是国家985工程、211工程、双一流重点建设高校。', 'https://www.edu.cn', '010-12345678'),
(21, '浙江大学', 11, '杭州市', '本科', TRUE, TRUE, TRUE, '综合类', '本科一批', '中国顶尖985高校', '浙江大学是国家985工程、211工程、双一流重点建设高校。', 'https://www.edu.cn', '010-12345678'),
(22, '中国科学技术大学', 12, '合肥市', '本科', TRUE, TRUE, TRUE, '理工类', '本科一批', '中国顶尖985高校', '中国科学技术大学是国家985工程、211工程、双一流重点建设高校。', 'https://www.edu.cn', '010-12345678'),
(23, '厦门大学', 13, '厦门市', '本科', TRUE, TRUE, TRUE, '综合类', '本科一批', '中国顶尖985高校', '厦门大学是国家985工程、211工程、双一流重点建设高校。', 'https://www.edu.cn', '010-12345678'),
(24, '山东大学', 15, '济南市', '本科', TRUE, TRUE, TRUE, '综合类', '本科一批', '中国顶尖985高校', '山东大学是国家985工程、211工程、双一流重点建设高校。', 'https://www.edu.cn', '010-12345678'),
(25, '中国海洋大学', 15, '济南市', '本科', TRUE, TRUE, TRUE, '综合类', '本科一批', '中国顶尖985高校', '中国海洋大学是国家985工程、211工程、双一流重点建设高校。', 'https://www.edu.cn', '010-12345678'),
(26, '武汉大学', 17, '武汉市', '本科', TRUE, TRUE, TRUE, '综合类', '本科一批', '中国顶尖985高校', '武汉大学是国家985工程、211工程、双一流重点建设高校。', 'https://www.edu.cn', '010-12345678'),
(27, '华中科技大学', 17, '武汉市', '本科', TRUE, TRUE, TRUE, '理工类', '本科一批', '中国顶尖985高校', '华中科技大学是国家985工程、211工程、双一流重点建设高校。', 'https://www.edu.cn', '010-12345678'),
(28, '中南大学', 18, '长沙市', '本科', TRUE, TRUE, TRUE, '综合类', '本科一批', '中国顶尖985高校', '中南大学是国家985工程、211工程、双一流重点建设高校。', 'https://www.edu.cn', '010-12345678'),
(29, '湖南大学', 18, '长沙市', '本科', TRUE, TRUE, TRUE, '综合类', '本科一批', '中国顶尖985高校', '湖南大学是国家985工程、211工程、双一流重点建设高校。', 'https://www.edu.cn', '010-12345678'),
(30, '国防科技大学', 18, '长沙市', '本科', TRUE, TRUE, TRUE, '理工类', '本科一批', '中国顶尖985高校', '国防科技大学是国家985工程、211工程、双一流重点建设高校。', 'https://www.edu.cn', '010-12345678'),
(31, '中山大学', 19, '广州市', '本科', TRUE, TRUE, TRUE, '综合类', '本科一批', '中国顶尖985高校', '中山大学是国家985工程、211工程、双一流重点建设高校。', 'https://www.edu.cn', '010-12345678'),
(32, '华南理工大学', 19, '广州市', '本科', TRUE, TRUE, TRUE, '理工类', '本科一批', '中国顶尖985高校', '华南理工大学是国家985工程、211工程、双一流重点建设高校。', 'https://www.edu.cn', '010-12345678'),
(33, '四川大学', 23, '成都市', '本科', TRUE, TRUE, TRUE, '综合类', '本科一批', '中国顶尖985高校', '四川大学是国家985工程、211工程、双一流重点建设高校。', 'https://www.edu.cn', '010-12345678'),
(34, '重庆大学', 22, '重庆市', '本科', TRUE, TRUE, TRUE, '综合类', '本科一批', '中国顶尖985高校', '重庆大学是国家985工程、211工程、双一流重点建设高校。', 'https://www.edu.cn', '010-12345678'),
(35, '电子科技大学', 23, '成都市', '本科', TRUE, TRUE, TRUE, '理工类', '本科一批', '中国顶尖985高校', '电子科技大学是国家985工程、211工程、双一流重点建设高校。', 'https://www.edu.cn', '010-12345678'),
(36, '西安交通大学', 27, '西安市', '本科', TRUE, TRUE, TRUE, '综合类', '本科一批', '中国顶尖985高校', '西安交通大学是国家985工程、211工程、双一流重点建设高校。', 'https://www.edu.cn', '010-12345678'),
(37, '西北工业大学', 27, '西安市', '本科', TRUE, TRUE, TRUE, '理工类', '本科一批', '中国顶尖985高校', '西北工业大学是国家985工程、211工程、双一流重点建设高校。', 'https://www.edu.cn', '010-12345678'),
(38, '西北农林科技大学', 27, '西安市', '本科', TRUE, TRUE, TRUE, '理工类', '本科一批', '中国顶尖985高校', '西北农林科技大学是国家985工程、211工程、双一流重点建设高校。', 'https://www.edu.cn', '010-12345678'),
(39, '兰州大学', 28, '兰州市', '本科', TRUE, TRUE, TRUE, '综合类', '本科一批', '中国顶尖985高校', '兰州大学是国家985工程、211工程、双一流重点建设高校。', 'https://www.edu.cn', '010-12345678');

-- 插入全部 985 高校专业数据
INSERT INTO majors (id, school_id, name, description) VALUES 
(1, 1, '汉语言文学', '兰州大学的优势专业之一，培养高素质人才。'),
(2, 1, '法学', '兰州大学的优势专业之一，培养高素质人才。'),
(3, 1, '经济学', '兰州大学的优势专业之一，培养高素质人才。'),
(4, 1, '数学与应用数学', '兰州大学的优势专业之一，培养高素质人才。'),
(5, 1, '物理学', '兰州大学的优势专业之一，培养高素质人才。'),
(6, 2, '汉语言文学', '兰州大学的优势专业之一，培养高素质人才。'),
(7, 2, '法学', '兰州大学的优势专业之一，培养高素质人才。'),
(8, 2, '经济学', '兰州大学的优势专业之一，培养高素质人才。'),
(9, 2, '数学与应用数学', '兰州大学的优势专业之一，培养高素质人才。'),
(10, 2, '物理学', '兰州大学的优势专业之一，培养高素质人才。'),
(11, 3, '汉语言文学', '兰州大学的优势专业之一，培养高素质人才。'),
(12, 3, '法学', '兰州大学的优势专业之一，培养高素质人才。'),
(13, 3, '经济学', '兰州大学的优势专业之一，培养高素质人才。'),
(14, 3, '数学与应用数学', '兰州大学的优势专业之一，培养高素质人才。'),
(15, 3, '物理学', '兰州大学的优势专业之一，培养高素质人才。'),
(16, 4, '计算机科学与技术', '兰州大学的优势专业之一，培养高素质人才。'),
(17, 4, '软件工程', '兰州大学的优势专业之一，培养高素质人才。'),
(18, 4, '电子信息工程', '兰州大学的优势专业之一，培养高素质人才。'),
(19, 4, '机械工程', '兰州大学的优势专业之一，培养高素质人才。'),
(20, 4, '自动化', '兰州大学的优势专业之一，培养高素质人才。'),
(21, 5, '计算机科学与技术', '兰州大学的优势专业之一，培养高素质人才。'),
(22, 5, '软件工程', '兰州大学的优势专业之一，培养高素质人才。'),
(23, 5, '电子信息工程', '兰州大学的优势专业之一，培养高素质人才。'),
(24, 5, '机械工程', '兰州大学的优势专业之一，培养高素质人才。'),
(25, 5, '自动化', '兰州大学的优势专业之一，培养高素质人才。'),
(26, 6, '汉语言文学', '兰州大学的优势专业之一，培养高素质人才。'),
(27, 6, '法学', '兰州大学的优势专业之一，培养高素质人才。'),
(28, 6, '经济学', '兰州大学的优势专业之一，培养高素质人才。'),
(29, 6, '数学与应用数学', '兰州大学的优势专业之一，培养高素质人才。'),
(30, 6, '物理学', '兰州大学的优势专业之一，培养高素质人才。'),
(31, 7, '汉语言文学', '兰州大学的优势专业之一，培养高素质人才。'),
(32, 7, '法学', '兰州大学的优势专业之一，培养高素质人才。'),
(33, 7, '经济学', '兰州大学的优势专业之一，培养高素质人才。'),
(34, 7, '数学与应用数学', '兰州大学的优势专业之一，培养高素质人才。'),
(35, 7, '物理学', '兰州大学的优势专业之一，培养高素质人才。'),
(36, 8, '汉语言文学', '兰州大学的优势专业之一，培养高素质人才。'),
(37, 8, '法学', '兰州大学的优势专业之一，培养高素质人才。'),
(38, 8, '经济学', '兰州大学的优势专业之一，培养高素质人才。'),
(39, 8, '数学与应用数学', '兰州大学的优势专业之一，培养高素质人才。'),
(40, 8, '物理学', '兰州大学的优势专业之一，培养高素质人才。'),
(41, 9, '汉语言文学', '兰州大学的优势专业之一，培养高素质人才。'),
(42, 9, '法学', '兰州大学的优势专业之一，培养高素质人才。'),
(43, 9, '经济学', '兰州大学的优势专业之一，培养高素质人才。'),
(44, 9, '数学与应用数学', '兰州大学的优势专业之一，培养高素质人才。'),
(45, 9, '物理学', '兰州大学的优势专业之一，培养高素质人才。'),
(46, 10, '计算机科学与技术', '兰州大学的优势专业之一，培养高素质人才。'),
(47, 10, '软件工程', '兰州大学的优势专业之一，培养高素质人才。'),
(48, 10, '电子信息工程', '兰州大学的优势专业之一，培养高素质人才。'),
(49, 10, '机械工程', '兰州大学的优势专业之一，培养高素质人才。'),
(50, 10, '自动化', '兰州大学的优势专业之一，培养高素质人才。'),
(51, 11, '计算机科学与技术', '兰州大学的优势专业之一，培养高素质人才。'),
(52, 11, '软件工程', '兰州大学的优势专业之一，培养高素质人才。'),
(53, 11, '电子信息工程', '兰州大学的优势专业之一，培养高素质人才。'),
(54, 11, '机械工程', '兰州大学的优势专业之一，培养高素质人才。'),
(55, 11, '自动化', '兰州大学的优势专业之一，培养高素质人才。'),
(56, 12, '计算机科学与技术', '兰州大学的优势专业之一，培养高素质人才。'),
(57, 12, '软件工程', '兰州大学的优势专业之一，培养高素质人才。'),
(58, 12, '电子信息工程', '兰州大学的优势专业之一，培养高素质人才。'),
(59, 12, '机械工程', '兰州大学的优势专业之一，培养高素质人才。'),
(60, 12, '自动化', '兰州大学的优势专业之一，培养高素质人才。'),
(61, 13, '汉语言文学', '兰州大学的优势专业之一，培养高素质人才。'),
(62, 13, '法学', '兰州大学的优势专业之一，培养高素质人才。'),
(63, 13, '经济学', '兰州大学的优势专业之一，培养高素质人才。'),
(64, 13, '数学与应用数学', '兰州大学的优势专业之一，培养高素质人才。'),
(65, 13, '物理学', '兰州大学的优势专业之一，培养高素质人才。'),
(66, 14, '计算机科学与技术', '兰州大学的优势专业之一，培养高素质人才。'),
(67, 14, '软件工程', '兰州大学的优势专业之一，培养高素质人才。'),
(68, 14, '电子信息工程', '兰州大学的优势专业之一，培养高素质人才。'),
(69, 14, '机械工程', '兰州大学的优势专业之一，培养高素质人才。'),
(70, 14, '自动化', '兰州大学的优势专业之一，培养高素质人才。'),
(71, 15, '汉语言文学', '兰州大学的优势专业之一，培养高素质人才。'),
(72, 15, '法学', '兰州大学的优势专业之一，培养高素质人才。'),
(73, 15, '经济学', '兰州大学的优势专业之一，培养高素质人才。'),
(74, 15, '数学与应用数学', '兰州大学的优势专业之一，培养高素质人才。'),
(75, 15, '物理学', '兰州大学的优势专业之一，培养高素质人才。'),
(76, 16, '计算机科学与技术', '兰州大学的优势专业之一，培养高素质人才。'),
(77, 16, '软件工程', '兰州大学的优势专业之一，培养高素质人才。'),
(78, 16, '电子信息工程', '兰州大学的优势专业之一，培养高素质人才。'),
(79, 16, '机械工程', '兰州大学的优势专业之一，培养高素质人才。'),
(80, 16, '自动化', '兰州大学的优势专业之一，培养高素质人才。'),
(81, 17, '汉语言文学', '兰州大学的优势专业之一，培养高素质人才。'),
(82, 17, '法学', '兰州大学的优势专业之一，培养高素质人才。'),
(83, 17, '经济学', '兰州大学的优势专业之一，培养高素质人才。'),
(84, 17, '数学与应用数学', '兰州大学的优势专业之一，培养高素质人才。'),
(85, 17, '物理学', '兰州大学的优势专业之一，培养高素质人才。'),
(86, 18, '汉语言文学', '兰州大学的优势专业之一，培养高素质人才。'),
(87, 18, '法学', '兰州大学的优势专业之一，培养高素质人才。'),
(88, 18, '经济学', '兰州大学的优势专业之一，培养高素质人才。'),
(89, 18, '数学与应用数学', '兰州大学的优势专业之一，培养高素质人才。'),
(90, 18, '物理学', '兰州大学的优势专业之一，培养高素质人才。'),
(91, 19, '汉语言文学', '兰州大学的优势专业之一，培养高素质人才。'),
(92, 19, '法学', '兰州大学的优势专业之一，培养高素质人才。'),
(93, 19, '经济学', '兰州大学的优势专业之一，培养高素质人才。'),
(94, 19, '数学与应用数学', '兰州大学的优势专业之一，培养高素质人才。'),
(95, 19, '物理学', '兰州大学的优势专业之一，培养高素质人才。'),
(96, 20, '汉语言文学', '兰州大学的优势专业之一，培养高素质人才。'),
(97, 20, '法学', '兰州大学的优势专业之一，培养高素质人才。'),
(98, 20, '经济学', '兰州大学的优势专业之一，培养高素质人才。'),
(99, 20, '数学与应用数学', '兰州大学的优势专业之一，培养高素质人才。'),
(100, 20, '物理学', '兰州大学的优势专业之一，培养高素质人才。'),
(101, 21, '汉语言文学', '兰州大学的优势专业之一，培养高素质人才。'),
(102, 21, '法学', '兰州大学的优势专业之一，培养高素质人才。'),
(103, 21, '经济学', '兰州大学的优势专业之一，培养高素质人才。'),
(104, 21, '数学与应用数学', '兰州大学的优势专业之一，培养高素质人才。'),
(105, 21, '物理学', '兰州大学的优势专业之一，培养高素质人才。'),
(106, 22, '计算机科学与技术', '兰州大学的优势专业之一，培养高素质人才。'),
(107, 22, '软件工程', '兰州大学的优势专业之一，培养高素质人才。'),
(108, 22, '电子信息工程', '兰州大学的优势专业之一，培养高素质人才。'),
(109, 22, '机械工程', '兰州大学的优势专业之一，培养高素质人才。'),
(110, 22, '自动化', '兰州大学的优势专业之一，培养高素质人才。'),
(111, 23, '汉语言文学', '兰州大学的优势专业之一，培养高素质人才。'),
(112, 23, '法学', '兰州大学的优势专业之一，培养高素质人才。'),
(113, 23, '经济学', '兰州大学的优势专业之一，培养高素质人才。'),
(114, 23, '数学与应用数学', '兰州大学的优势专业之一，培养高素质人才。'),
(115, 23, '物理学', '兰州大学的优势专业之一，培养高素质人才。'),
(116, 24, '汉语言文学', '兰州大学的优势专业之一，培养高素质人才。'),
(117, 24, '法学', '兰州大学的优势专业之一，培养高素质人才。'),
(118, 24, '经济学', '兰州大学的优势专业之一，培养高素质人才。'),
(119, 24, '数学与应用数学', '兰州大学的优势专业之一，培养高素质人才。'),
(120, 24, '物理学', '兰州大学的优势专业之一，培养高素质人才。'),
(121, 25, '汉语言文学', '兰州大学的优势专业之一，培养高素质人才。'),
(122, 25, '法学', '兰州大学的优势专业之一，培养高素质人才。'),
(123, 25, '经济学', '兰州大学的优势专业之一，培养高素质人才。'),
(124, 25, '数学与应用数学', '兰州大学的优势专业之一，培养高素质人才。'),
(125, 25, '物理学', '兰州大学的优势专业之一，培养高素质人才。'),
(126, 26, '汉语言文学', '兰州大学的优势专业之一，培养高素质人才。'),
(127, 26, '法学', '兰州大学的优势专业之一，培养高素质人才。'),
(128, 26, '经济学', '兰州大学的优势专业之一，培养高素质人才。'),
(129, 26, '数学与应用数学', '兰州大学的优势专业之一，培养高素质人才。'),
(130, 26, '物理学', '兰州大学的优势专业之一，培养高素质人才。'),
(131, 27, '计算机科学与技术', '兰州大学的优势专业之一，培养高素质人才。'),
(132, 27, '软件工程', '兰州大学的优势专业之一，培养高素质人才。'),
(133, 27, '电子信息工程', '兰州大学的优势专业之一，培养高素质人才。'),
(134, 27, '机械工程', '兰州大学的优势专业之一，培养高素质人才。'),
(135, 27, '自动化', '兰州大学的优势专业之一，培养高素质人才。'),
(136, 28, '汉语言文学', '兰州大学的优势专业之一，培养高素质人才。'),
(137, 28, '法学', '兰州大学的优势专业之一，培养高素质人才。'),
(138, 28, '经济学', '兰州大学的优势专业之一，培养高素质人才。'),
(139, 28, '数学与应用数学', '兰州大学的优势专业之一，培养高素质人才。'),
(140, 28, '物理学', '兰州大学的优势专业之一，培养高素质人才。'),
(141, 29, '汉语言文学', '兰州大学的优势专业之一，培养高素质人才。'),
(142, 29, '法学', '兰州大学的优势专业之一，培养高素质人才。'),
(143, 29, '经济学', '兰州大学的优势专业之一，培养高素质人才。'),
(144, 29, '数学与应用数学', '兰州大学的优势专业之一，培养高素质人才。'),
(145, 29, '物理学', '兰州大学的优势专业之一，培养高素质人才。'),
(146, 30, '计算机科学与技术', '兰州大学的优势专业之一，培养高素质人才。'),
(147, 30, '软件工程', '兰州大学的优势专业之一，培养高素质人才。'),
(148, 30, '电子信息工程', '兰州大学的优势专业之一，培养高素质人才。'),
(149, 30, '机械工程', '兰州大学的优势专业之一，培养高素质人才。'),
(150, 30, '自动化', '兰州大学的优势专业之一，培养高素质人才。'),
(151, 31, '汉语言文学', '兰州大学的优势专业之一，培养高素质人才。'),
(152, 31, '法学', '兰州大学的优势专业之一，培养高素质人才。'),
(153, 31, '经济学', '兰州大学的优势专业之一，培养高素质人才。'),
(154, 31, '数学与应用数学', '兰州大学的优势专业之一，培养高素质人才。'),
(155, 31, '物理学', '兰州大学的优势专业之一，培养高素质人才。'),
(156, 32, '计算机科学与技术', '兰州大学的优势专业之一，培养高素质人才。'),
(157, 32, '软件工程', '兰州大学的优势专业之一，培养高素质人才。'),
(158, 32, '电子信息工程', '兰州大学的优势专业之一，培养高素质人才。'),
(159, 32, '机械工程', '兰州大学的优势专业之一，培养高素质人才。'),
(160, 32, '自动化', '兰州大学的优势专业之一，培养高素质人才。'),
(161, 33, '汉语言文学', '兰州大学的优势专业之一，培养高素质人才。'),
(162, 33, '法学', '兰州大学的优势专业之一，培养高素质人才。'),
(163, 33, '经济学', '兰州大学的优势专业之一，培养高素质人才。'),
(164, 33, '数学与应用数学', '兰州大学的优势专业之一，培养高素质人才。'),
(165, 33, '物理学', '兰州大学的优势专业之一，培养高素质人才。'),
(166, 34, '汉语言文学', '兰州大学的优势专业之一，培养高素质人才。'),
(167, 34, '法学', '兰州大学的优势专业之一，培养高素质人才。'),
(168, 34, '经济学', '兰州大学的优势专业之一，培养高素质人才。'),
(169, 34, '数学与应用数学', '兰州大学的优势专业之一，培养高素质人才。'),
(170, 34, '物理学', '兰州大学的优势专业之一，培养高素质人才。'),
(171, 35, '计算机科学与技术', '兰州大学的优势专业之一，培养高素质人才。'),
(172, 35, '软件工程', '兰州大学的优势专业之一，培养高素质人才。'),
(173, 35, '电子信息工程', '兰州大学的优势专业之一，培养高素质人才。'),
(174, 35, '机械工程', '兰州大学的优势专业之一，培养高素质人才。'),
(175, 35, '自动化', '兰州大学的优势专业之一，培养高素质人才。'),
(176, 36, '汉语言文学', '兰州大学的优势专业之一，培养高素质人才。'),
(177, 36, '法学', '兰州大学的优势专业之一，培养高素质人才。'),
(178, 36, '经济学', '兰州大学的优势专业之一，培养高素质人才。'),
(179, 36, '数学与应用数学', '兰州大学的优势专业之一，培养高素质人才。'),
(180, 36, '物理学', '兰州大学的优势专业之一，培养高素质人才。'),
(181, 37, '计算机科学与技术', '兰州大学的优势专业之一，培养高素质人才。'),
(182, 37, '软件工程', '兰州大学的优势专业之一，培养高素质人才。'),
(183, 37, '电子信息工程', '兰州大学的优势专业之一，培养高素质人才。'),
(184, 37, '机械工程', '兰州大学的优势专业之一，培养高素质人才。'),
(185, 37, '自动化', '兰州大学的优势专业之一，培养高素质人才。'),
(186, 38, '计算机科学与技术', '兰州大学的优势专业之一，培养高素质人才。'),
(187, 38, '软件工程', '兰州大学的优势专业之一，培养高素质人才。'),
(188, 38, '电子信息工程', '兰州大学的优势专业之一，培养高素质人才。'),
(189, 38, '机械工程', '兰州大学的优势专业之一，培养高素质人才。'),
(190, 38, '自动化', '兰州大学的优势专业之一，培养高素质人才。'),
(191, 39, '汉语言文学', '兰州大学的优势专业之一，培养高素质人才。'),
(192, 39, '法学', '兰州大学的优势专业之一，培养高素质人才。'),
(193, 39, '经济学', '兰州大学的优势专业之一，培养高素质人才。'),
(194, 39, '数学与应用数学', '兰州大学的优势专业之一，培养高素质人才。'),
(195, 39, '物理学', '兰州大学的优势专业之一，培养高素质人才。');

-- 插入 2024, 2025 历年分数线数据 (示例省份 北京=1, 广东=19, 浙江=11)
INSERT INTO major_scores (school_id, major_id, province_id, year, lowest_score, admission_count, batch, type) VALUES 
(1, 1, 1, 2024, 690, 8, '本科一批', '物理类'),
(1, 1, 1, 2025, 693, 13, '本科一批', '物理类'),
(1, 1, 19, 2024, 677, 9, '本科一批', '物理类'),
(1, 1, 19, 2025, 691, 28, '本科一批', '物理类'),
(1, 1, 11, 2024, 688, 18, '本科一批', '综合'),
(1, 1, 11, 2025, 670, 7, '本科一批', '综合'),
(1, 2, 1, 2024, 677, 21, '本科一批', '物理类'),
(1, 2, 1, 2025, 687, 11, '本科一批', '历史类'),
(1, 2, 19, 2024, 677, 19, '本科一批', '历史类'),
(1, 2, 19, 2025, 695, 5, '本科一批', '物理类'),
(1, 2, 11, 2024, 692, 18, '本科一批', '综合'),
(1, 2, 11, 2025, 678, 9, '本科一批', '综合'),
(1, 3, 1, 2024, 694, 15, '本科一批', '物理类'),
(1, 3, 1, 2025, 672, 17, '本科一批', '物理类'),
(1, 3, 19, 2024, 681, 16, '本科一批', '历史类'),
(1, 3, 19, 2025, 695, 6, '本科一批', '历史类'),
(1, 3, 11, 2024, 687, 8, '本科一批', '综合'),
(1, 3, 11, 2025, 672, 22, '本科一批', '综合'),
(1, 4, 1, 2024, 690, 24, '本科一批', '历史类'),
(1, 4, 1, 2025, 688, 11, '本科一批', '物理类'),
(1, 4, 19, 2024, 671, 26, '本科一批', '物理类'),
(1, 4, 19, 2025, 694, 14, '本科一批', '物理类'),
(1, 4, 11, 2024, 677, 8, '本科一批', '综合'),
(1, 4, 11, 2025, 678, 19, '本科一批', '综合'),
(1, 5, 1, 2024, 675, 16, '本科一批', '历史类'),
(1, 5, 1, 2025, 676, 26, '本科一批', '历史类'),
(1, 5, 19, 2024, 692, 26, '本科一批', '物理类'),
(1, 5, 19, 2025, 689, 25, '本科一批', '物理类'),
(1, 5, 11, 2024, 687, 28, '本科一批', '综合'),
(1, 5, 11, 2025, 675, 19, '本科一批', '综合'),
(2, 6, 1, 2024, 628, 25, '本科一批', '物理类'),
(2, 6, 1, 2025, 641, 15, '本科一批', '物理类'),
(2, 6, 19, 2024, 627, 6, '本科一批', '历史类'),
(2, 6, 19, 2025, 632, 13, '本科一批', '物理类'),
(2, 6, 11, 2024, 626, 23, '本科一批', '综合'),
(2, 6, 11, 2025, 626, 25, '本科一批', '综合'),
(2, 7, 1, 2024, 632, 25, '本科一批', '历史类'),
(2, 7, 1, 2025, 624, 13, '本科一批', '物理类'),
(2, 7, 19, 2024, 627, 28, '本科一批', '历史类'),
(2, 7, 19, 2025, 643, 23, '本科一批', '历史类'),
(2, 7, 11, 2024, 638, 17, '本科一批', '综合'),
(2, 7, 11, 2025, 627, 9, '本科一批', '综合'),
(2, 8, 1, 2024, 622, 29, '本科一批', '物理类'),
(2, 8, 1, 2025, 623, 9, '本科一批', '物理类'),
(2, 8, 19, 2024, 645, 26, '本科一批', '历史类'),
(2, 8, 19, 2025, 639, 7, '本科一批', '历史类'),
(2, 8, 11, 2024, 632, 24, '本科一批', '综合'),
(2, 8, 11, 2025, 636, 13, '本科一批', '综合'),
(2, 9, 1, 2024, 641, 28, '本科一批', '物理类'),
(2, 9, 1, 2025, 641, 22, '本科一批', '历史类'),
(2, 9, 19, 2024, 644, 25, '本科一批', '历史类'),
(2, 9, 19, 2025, 623, 14, '本科一批', '历史类'),
(2, 9, 11, 2024, 625, 19, '本科一批', '综合'),
(2, 9, 11, 2025, 643, 28, '本科一批', '综合'),
(2, 10, 1, 2024, 636, 29, '本科一批', '物理类'),
(2, 10, 1, 2025, 636, 8, '本科一批', '历史类'),
(2, 10, 19, 2024, 640, 21, '本科一批', '物理类'),
(2, 10, 19, 2025, 624, 16, '本科一批', '物理类'),
(2, 10, 11, 2024, 637, 29, '本科一批', '综合'),
(2, 10, 11, 2025, 639, 15, '本科一批', '综合'),
(3, 11, 1, 2024, 620, 8, '本科一批', '历史类'),
(3, 11, 1, 2025, 645, 14, '本科一批', '物理类'),
(3, 11, 19, 2024, 621, 12, '本科一批', '物理类'),
(3, 11, 19, 2025, 622, 28, '本科一批', '历史类'),
(3, 11, 11, 2024, 622, 29, '本科一批', '综合'),
(3, 11, 11, 2025, 624, 26, '本科一批', '综合'),
(3, 12, 1, 2024, 637, 10, '本科一批', '历史类'),
(3, 12, 1, 2025, 636, 24, '本科一批', '历史类'),
(3, 12, 19, 2024, 626, 22, '本科一批', '物理类'),
(3, 12, 19, 2025, 642, 14, '本科一批', '历史类'),
(3, 12, 11, 2024, 641, 25, '本科一批', '综合'),
(3, 12, 11, 2025, 634, 21, '本科一批', '综合'),
(3, 13, 1, 2024, 623, 12, '本科一批', '物理类'),
(3, 13, 1, 2025, 622, 15, '本科一批', '物理类'),
(3, 13, 19, 2024, 638, 22, '本科一批', '物理类'),
(3, 13, 19, 2025, 638, 12, '本科一批', '物理类'),
(3, 13, 11, 2024, 622, 27, '本科一批', '综合'),
(3, 13, 11, 2025, 627, 7, '本科一批', '综合'),
(3, 14, 1, 2024, 630, 7, '本科一批', '物理类'),
(3, 14, 1, 2025, 628, 26, '本科一批', '历史类'),
(3, 14, 19, 2024, 626, 22, '本科一批', '物理类'),
(3, 14, 19, 2025, 643, 23, '本科一批', '历史类'),
(3, 14, 11, 2024, 627, 30, '本科一批', '综合'),
(3, 14, 11, 2025, 645, 18, '本科一批', '综合'),
(3, 15, 1, 2024, 623, 8, '本科一批', '历史类'),
(3, 15, 1, 2025, 631, 18, '本科一批', '历史类'),
(3, 15, 19, 2024, 634, 28, '本科一批', '物理类'),
(3, 15, 19, 2025, 641, 25, '本科一批', '物理类'),
(3, 15, 11, 2024, 621, 17, '本科一批', '综合'),
(3, 15, 11, 2025, 645, 8, '本科一批', '综合'),
(4, 16, 1, 2024, 626, 11, '本科一批', '物理类'),
(4, 16, 1, 2025, 637, 19, '本科一批', '物理类'),
(4, 16, 19, 2024, 624, 18, '本科一批', '物理类'),
(4, 16, 19, 2025, 625, 13, '本科一批', '物理类'),
(4, 16, 11, 2024, 634, 12, '本科一批', '综合'),
(4, 16, 11, 2025, 622, 19, '本科一批', '综合'),
(4, 17, 1, 2024, 645, 22, '本科一批', '物理类'),
(4, 17, 1, 2025, 623, 6, '本科一批', '物理类'),
(4, 17, 19, 2024, 640, 22, '本科一批', '物理类'),
(4, 17, 19, 2025, 620, 7, '本科一批', '物理类'),
(4, 17, 11, 2024, 644, 12, '本科一批', '综合'),
(4, 17, 11, 2025, 625, 18, '本科一批', '综合'),
(4, 18, 1, 2024, 635, 20, '本科一批', '物理类'),
(4, 18, 1, 2025, 626, 17, '本科一批', '物理类'),
(4, 18, 19, 2024, 621, 10, '本科一批', '物理类'),
(4, 18, 19, 2025, 632, 5, '本科一批', '物理类'),
(4, 18, 11, 2024, 632, 13, '本科一批', '综合'),
(4, 18, 11, 2025, 645, 30, '本科一批', '综合'),
(4, 19, 1, 2024, 634, 14, '本科一批', '物理类'),
(4, 19, 1, 2025, 633, 27, '本科一批', '物理类'),
(4, 19, 19, 2024, 643, 30, '本科一批', '物理类'),
(4, 19, 19, 2025, 637, 26, '本科一批', '物理类'),
(4, 19, 11, 2024, 642, 20, '本科一批', '综合'),
(4, 19, 11, 2025, 624, 11, '本科一批', '综合'),
(4, 20, 1, 2024, 629, 11, '本科一批', '物理类'),
(4, 20, 1, 2025, 621, 23, '本科一批', '物理类'),
(4, 20, 19, 2024, 643, 22, '本科一批', '物理类'),
(4, 20, 19, 2025, 621, 28, '本科一批', '物理类'),
(4, 20, 11, 2024, 630, 6, '本科一批', '综合'),
(4, 20, 11, 2025, 621, 23, '本科一批', '综合'),
(5, 21, 1, 2024, 635, 21, '本科一批', '物理类'),
(5, 21, 1, 2025, 636, 10, '本科一批', '物理类'),
(5, 21, 19, 2024, 621, 21, '本科一批', '物理类'),
(5, 21, 19, 2025, 622, 10, '本科一批', '物理类'),
(5, 21, 11, 2024, 622, 24, '本科一批', '综合'),
(5, 21, 11, 2025, 622, 26, '本科一批', '综合'),
(5, 22, 1, 2024, 627, 17, '本科一批', '物理类'),
(5, 22, 1, 2025, 623, 23, '本科一批', '物理类'),
(5, 22, 19, 2024, 627, 23, '本科一批', '物理类'),
(5, 22, 19, 2025, 639, 6, '本科一批', '物理类'),
(5, 22, 11, 2024, 639, 7, '本科一批', '综合'),
(5, 22, 11, 2025, 633, 26, '本科一批', '综合'),
(5, 23, 1, 2024, 638, 23, '本科一批', '物理类'),
(5, 23, 1, 2025, 636, 15, '本科一批', '物理类'),
(5, 23, 19, 2024, 628, 11, '本科一批', '物理类'),
(5, 23, 19, 2025, 641, 27, '本科一批', '物理类'),
(5, 23, 11, 2024, 630, 12, '本科一批', '综合'),
(5, 23, 11, 2025, 628, 17, '本科一批', '综合'),
(5, 24, 1, 2024, 624, 26, '本科一批', '物理类'),
(5, 24, 1, 2025, 640, 14, '本科一批', '物理类'),
(5, 24, 19, 2024, 634, 15, '本科一批', '物理类'),
(5, 24, 19, 2025, 644, 7, '本科一批', '物理类'),
(5, 24, 11, 2024, 620, 19, '本科一批', '综合'),
(5, 24, 11, 2025, 639, 23, '本科一批', '综合'),
(5, 25, 1, 2024, 623, 7, '本科一批', '物理类'),
(5, 25, 1, 2025, 637, 11, '本科一批', '物理类'),
(5, 25, 19, 2024, 636, 13, '本科一批', '物理类'),
(5, 25, 19, 2025, 624, 16, '本科一批', '物理类'),
(5, 25, 11, 2024, 622, 12, '本科一批', '综合'),
(5, 25, 11, 2025, 631, 14, '本科一批', '综合'),
(6, 26, 1, 2024, 625, 19, '本科一批', '历史类'),
(6, 26, 1, 2025, 639, 30, '本科一批', '物理类'),
(6, 26, 19, 2024, 641, 22, '本科一批', '历史类'),
(6, 26, 19, 2025, 641, 8, '本科一批', '物理类'),
(6, 26, 11, 2024, 628, 8, '本科一批', '综合'),
(6, 26, 11, 2025, 643, 22, '本科一批', '综合'),
(6, 27, 1, 2024, 628, 14, '本科一批', '物理类'),
(6, 27, 1, 2025, 642, 15, '本科一批', '物理类'),
(6, 27, 19, 2024, 641, 25, '本科一批', '历史类'),
(6, 27, 19, 2025, 636, 20, '本科一批', '历史类'),
(6, 27, 11, 2024, 621, 7, '本科一批', '综合'),
(6, 27, 11, 2025, 628, 6, '本科一批', '综合'),
(6, 28, 1, 2024, 630, 29, '本科一批', '物理类'),
(6, 28, 1, 2025, 640, 13, '本科一批', '物理类'),
(6, 28, 19, 2024, 643, 19, '本科一批', '历史类'),
(6, 28, 19, 2025, 637, 5, '本科一批', '物理类'),
(6, 28, 11, 2024, 622, 27, '本科一批', '综合'),
(6, 28, 11, 2025, 637, 6, '本科一批', '综合'),
(6, 29, 1, 2024, 638, 22, '本科一批', '物理类'),
(6, 29, 1, 2025, 633, 9, '本科一批', '物理类'),
(6, 29, 19, 2024, 629, 16, '本科一批', '物理类'),
(6, 29, 19, 2025, 631, 11, '本科一批', '物理类'),
(6, 29, 11, 2024, 641, 8, '本科一批', '综合'),
(6, 29, 11, 2025, 644, 22, '本科一批', '综合'),
(6, 30, 1, 2024, 639, 28, '本科一批', '物理类'),
(6, 30, 1, 2025, 627, 10, '本科一批', '物理类'),
(6, 30, 19, 2024, 633, 5, '本科一批', '物理类'),
(6, 30, 19, 2025, 643, 15, '本科一批', '历史类'),
(6, 30, 11, 2024, 645, 26, '本科一批', '综合'),
(6, 30, 11, 2025, 628, 10, '本科一批', '综合'),
(7, 31, 1, 2024, 632, 6, '本科一批', '历史类'),
(7, 31, 1, 2025, 627, 11, '本科一批', '历史类'),
(7, 31, 19, 2024, 631, 14, '本科一批', '物理类'),
(7, 31, 19, 2025, 627, 5, '本科一批', '物理类'),
(7, 31, 11, 2024, 632, 15, '本科一批', '综合'),
(7, 31, 11, 2025, 622, 29, '本科一批', '综合'),
(7, 32, 1, 2024, 631, 25, '本科一批', '历史类'),
(7, 32, 1, 2025, 641, 22, '本科一批', '历史类'),
(7, 32, 19, 2024, 620, 8, '本科一批', '历史类'),
(7, 32, 19, 2025, 625, 23, '本科一批', '历史类'),
(7, 32, 11, 2024, 621, 8, '本科一批', '综合'),
(7, 32, 11, 2025, 631, 28, '本科一批', '综合'),
(7, 33, 1, 2024, 633, 24, '本科一批', '物理类'),
(7, 33, 1, 2025, 632, 23, '本科一批', '物理类'),
(7, 33, 19, 2024, 628, 6, '本科一批', '历史类'),
(7, 33, 19, 2025, 620, 21, '本科一批', '物理类'),
(7, 33, 11, 2024, 631, 18, '本科一批', '综合'),
(7, 33, 11, 2025, 641, 15, '本科一批', '综合'),
(7, 34, 1, 2024, 641, 8, '本科一批', '历史类'),
(7, 34, 1, 2025, 636, 14, '本科一批', '历史类'),
(7, 34, 19, 2024, 630, 17, '本科一批', '历史类'),
(7, 34, 19, 2025, 637, 9, '本科一批', '物理类'),
(7, 34, 11, 2024, 633, 26, '本科一批', '综合'),
(7, 34, 11, 2025, 641, 28, '本科一批', '综合'),
(7, 35, 1, 2024, 639, 23, '本科一批', '历史类'),
(7, 35, 1, 2025, 632, 22, '本科一批', '物理类'),
(7, 35, 19, 2024, 629, 14, '本科一批', '物理类'),
(7, 35, 19, 2025, 633, 30, '本科一批', '历史类'),
(7, 35, 11, 2024, 634, 19, '本科一批', '综合'),
(7, 35, 11, 2025, 641, 11, '本科一批', '综合'),
(8, 36, 1, 2024, 645, 30, '本科一批', '物理类'),
(8, 36, 1, 2025, 641, 7, '本科一批', '历史类'),
(8, 36, 19, 2024, 636, 26, '本科一批', '历史类'),
(8, 36, 19, 2025, 622, 29, '本科一批', '物理类'),
(8, 36, 11, 2024, 641, 14, '本科一批', '综合'),
(8, 36, 11, 2025, 645, 11, '本科一批', '综合'),
(8, 37, 1, 2024, 620, 6, '本科一批', '物理类'),
(8, 37, 1, 2025, 635, 24, '本科一批', '物理类'),
(8, 37, 19, 2024, 634, 18, '本科一批', '物理类'),
(8, 37, 19, 2025, 642, 27, '本科一批', '历史类'),
(8, 37, 11, 2024, 635, 17, '本科一批', '综合'),
(8, 37, 11, 2025, 624, 25, '本科一批', '综合'),
(8, 38, 1, 2024, 644, 29, '本科一批', '物理类'),
(8, 38, 1, 2025, 644, 18, '本科一批', '物理类'),
(8, 38, 19, 2024, 625, 30, '本科一批', '历史类'),
(8, 38, 19, 2025, 621, 22, '本科一批', '物理类'),
(8, 38, 11, 2024, 623, 19, '本科一批', '综合'),
(8, 38, 11, 2025, 645, 19, '本科一批', '综合'),
(8, 39, 1, 2024, 644, 19, '本科一批', '历史类'),
(8, 39, 1, 2025, 637, 19, '本科一批', '物理类'),
(8, 39, 19, 2024, 643, 20, '本科一批', '历史类'),
(8, 39, 19, 2025, 628, 29, '本科一批', '物理类'),
(8, 39, 11, 2024, 640, 13, '本科一批', '综合'),
(8, 39, 11, 2025, 640, 12, '本科一批', '综合'),
(8, 40, 1, 2024, 634, 7, '本科一批', '历史类'),
(8, 40, 1, 2025, 627, 13, '本科一批', '历史类'),
(8, 40, 19, 2024, 630, 22, '本科一批', '物理类'),
(8, 40, 19, 2025, 624, 9, '本科一批', '物理类'),
(8, 40, 11, 2024, 632, 27, '本科一批', '综合'),
(8, 40, 11, 2025, 642, 11, '本科一批', '综合'),
(9, 41, 1, 2024, 633, 18, '本科一批', '历史类'),
(9, 41, 1, 2025, 637, 19, '本科一批', '历史类'),
(9, 41, 19, 2024, 621, 11, '本科一批', '历史类'),
(9, 41, 19, 2025, 632, 29, '本科一批', '物理类'),
(9, 41, 11, 2024, 644, 23, '本科一批', '综合'),
(9, 41, 11, 2025, 635, 5, '本科一批', '综合'),
(9, 42, 1, 2024, 629, 29, '本科一批', '历史类'),
(9, 42, 1, 2025, 633, 22, '本科一批', '物理类'),
(9, 42, 19, 2024, 635, 12, '本科一批', '历史类'),
(9, 42, 19, 2025, 633, 20, '本科一批', '物理类'),
(9, 42, 11, 2024, 632, 15, '本科一批', '综合'),
(9, 42, 11, 2025, 643, 10, '本科一批', '综合'),
(9, 43, 1, 2024, 624, 24, '本科一批', '物理类'),
(9, 43, 1, 2025, 632, 23, '本科一批', '物理类'),
(9, 43, 19, 2024, 622, 25, '本科一批', '历史类'),
(9, 43, 19, 2025, 624, 19, '本科一批', '物理类'),
(9, 43, 11, 2024, 621, 13, '本科一批', '综合'),
(9, 43, 11, 2025, 630, 11, '本科一批', '综合'),
(9, 44, 1, 2024, 630, 15, '本科一批', '历史类'),
(9, 44, 1, 2025, 628, 29, '本科一批', '历史类'),
(9, 44, 19, 2024, 628, 7, '本科一批', '历史类'),
(9, 44, 19, 2025, 620, 28, '本科一批', '物理类'),
(9, 44, 11, 2024, 631, 12, '本科一批', '综合'),
(9, 44, 11, 2025, 644, 25, '本科一批', '综合'),
(9, 45, 1, 2024, 644, 5, '本科一批', '物理类'),
(9, 45, 1, 2025, 626, 5, '本科一批', '物理类'),
(9, 45, 19, 2024, 627, 9, '本科一批', '历史类'),
(9, 45, 19, 2025, 641, 8, '本科一批', '物理类'),
(9, 45, 11, 2024, 634, 27, '本科一批', '综合'),
(9, 45, 11, 2025, 644, 16, '本科一批', '综合'),
(10, 46, 1, 2024, 639, 24, '本科一批', '物理类'),
(10, 46, 1, 2025, 643, 27, '本科一批', '物理类'),
(10, 46, 19, 2024, 623, 29, '本科一批', '物理类'),
(10, 46, 19, 2025, 625, 14, '本科一批', '物理类'),
(10, 46, 11, 2024, 623, 23, '本科一批', '综合'),
(10, 46, 11, 2025, 620, 14, '本科一批', '综合'),
(10, 47, 1, 2024, 638, 26, '本科一批', '物理类'),
(10, 47, 1, 2025, 632, 17, '本科一批', '物理类'),
(10, 47, 19, 2024, 642, 11, '本科一批', '物理类'),
(10, 47, 19, 2025, 622, 23, '本科一批', '物理类'),
(10, 47, 11, 2024, 642, 25, '本科一批', '综合'),
(10, 47, 11, 2025, 627, 8, '本科一批', '综合'),
(10, 48, 1, 2024, 642, 29, '本科一批', '物理类'),
(10, 48, 1, 2025, 629, 26, '本科一批', '物理类'),
(10, 48, 19, 2024, 639, 30, '本科一批', '物理类'),
(10, 48, 19, 2025, 623, 30, '本科一批', '物理类'),
(10, 48, 11, 2024, 638, 30, '本科一批', '综合'),
(10, 48, 11, 2025, 621, 16, '本科一批', '综合'),
(10, 49, 1, 2024, 637, 18, '本科一批', '物理类'),
(10, 49, 1, 2025, 641, 16, '本科一批', '物理类'),
(10, 49, 19, 2024, 622, 21, '本科一批', '物理类'),
(10, 49, 19, 2025, 640, 15, '本科一批', '物理类'),
(10, 49, 11, 2024, 620, 18, '本科一批', '综合'),
(10, 49, 11, 2025, 635, 8, '本科一批', '综合'),
(10, 50, 1, 2024, 633, 16, '本科一批', '物理类'),
(10, 50, 1, 2025, 640, 19, '本科一批', '物理类'),
(10, 50, 19, 2024, 642, 9, '本科一批', '物理类'),
(10, 50, 19, 2025, 633, 10, '本科一批', '物理类'),
(10, 50, 11, 2024, 643, 21, '本科一批', '综合'),
(10, 50, 11, 2025, 640, 13, '本科一批', '综合'),
(11, 51, 1, 2024, 639, 30, '本科一批', '物理类'),
(11, 51, 1, 2025, 637, 29, '本科一批', '物理类'),
(11, 51, 19, 2024, 635, 19, '本科一批', '物理类'),
(11, 51, 19, 2025, 633, 28, '本科一批', '物理类'),
(11, 51, 11, 2024, 638, 13, '本科一批', '综合'),
(11, 51, 11, 2025, 630, 12, '本科一批', '综合'),
(11, 52, 1, 2024, 622, 13, '本科一批', '物理类'),
(11, 52, 1, 2025, 634, 12, '本科一批', '物理类'),
(11, 52, 19, 2024, 644, 19, '本科一批', '物理类'),
(11, 52, 19, 2025, 638, 24, '本科一批', '物理类'),
(11, 52, 11, 2024, 641, 17, '本科一批', '综合'),
(11, 52, 11, 2025, 630, 5, '本科一批', '综合'),
(11, 53, 1, 2024, 635, 15, '本科一批', '物理类'),
(11, 53, 1, 2025, 625, 20, '本科一批', '物理类'),
(11, 53, 19, 2024, 626, 16, '本科一批', '物理类'),
(11, 53, 19, 2025, 645, 13, '本科一批', '物理类'),
(11, 53, 11, 2024, 630, 13, '本科一批', '综合'),
(11, 53, 11, 2025, 639, 27, '本科一批', '综合'),
(11, 54, 1, 2024, 628, 22, '本科一批', '物理类'),
(11, 54, 1, 2025, 620, 21, '本科一批', '物理类'),
(11, 54, 19, 2024, 626, 7, '本科一批', '物理类'),
(11, 54, 19, 2025, 627, 28, '本科一批', '物理类'),
(11, 54, 11, 2024, 633, 20, '本科一批', '综合'),
(11, 54, 11, 2025, 637, 29, '本科一批', '综合'),
(11, 55, 1, 2024, 627, 27, '本科一批', '物理类'),
(11, 55, 1, 2025, 635, 25, '本科一批', '物理类'),
(11, 55, 19, 2024, 642, 20, '本科一批', '物理类'),
(11, 55, 19, 2025, 634, 30, '本科一批', '物理类'),
(11, 55, 11, 2024, 620, 7, '本科一批', '综合'),
(11, 55, 11, 2025, 629, 12, '本科一批', '综合'),
(12, 56, 1, 2024, 682, 27, '本科一批', '物理类'),
(12, 56, 1, 2025, 677, 14, '本科一批', '物理类'),
(12, 56, 19, 2024, 691, 23, '本科一批', '物理类'),
(12, 56, 19, 2025, 681, 20, '本科一批', '物理类'),
(12, 56, 11, 2024, 687, 21, '本科一批', '综合'),
(12, 56, 11, 2025, 681, 18, '本科一批', '综合'),
(12, 57, 1, 2024, 693, 22, '本科一批', '物理类'),
(12, 57, 1, 2025, 680, 16, '本科一批', '物理类'),
(12, 57, 19, 2024, 692, 19, '本科一批', '物理类'),
(12, 57, 19, 2025, 678, 14, '本科一批', '物理类'),
(12, 57, 11, 2024, 678, 12, '本科一批', '综合'),
(12, 57, 11, 2025, 673, 28, '本科一批', '综合'),
(12, 58, 1, 2024, 676, 15, '本科一批', '物理类'),
(12, 58, 1, 2025, 673, 28, '本科一批', '物理类'),
(12, 58, 19, 2024, 687, 29, '本科一批', '物理类'),
(12, 58, 19, 2025, 692, 10, '本科一批', '物理类'),
(12, 58, 11, 2024, 676, 11, '本科一批', '综合'),
(12, 58, 11, 2025, 693, 20, '本科一批', '综合'),
(12, 59, 1, 2024, 678, 28, '本科一批', '物理类'),
(12, 59, 1, 2025, 688, 29, '本科一批', '物理类'),
(12, 59, 19, 2024, 686, 24, '本科一批', '物理类'),
(12, 59, 19, 2025, 679, 8, '本科一批', '物理类'),
(12, 59, 11, 2024, 676, 14, '本科一批', '综合'),
(12, 59, 11, 2025, 677, 16, '本科一批', '综合'),
(12, 60, 1, 2024, 675, 14, '本科一批', '物理类'),
(12, 60, 1, 2025, 670, 27, '本科一批', '物理类'),
(12, 60, 19, 2024, 687, 9, '本科一批', '物理类'),
(12, 60, 19, 2025, 678, 6, '本科一批', '物理类'),
(12, 60, 11, 2024, 671, 22, '本科一批', '综合'),
(12, 60, 11, 2025, 679, 27, '本科一批', '综合'),
(13, 61, 1, 2024, 624, 25, '本科一批', '历史类'),
(13, 61, 1, 2025, 623, 5, '本科一批', '历史类'),
(13, 61, 19, 2024, 635, 20, '本科一批', '历史类'),
(13, 61, 19, 2025, 630, 10, '本科一批', '物理类'),
(13, 61, 11, 2024, 628, 20, '本科一批', '综合'),
(13, 61, 11, 2025, 622, 17, '本科一批', '综合'),
(13, 62, 1, 2024, 622, 23, '本科一批', '物理类'),
(13, 62, 1, 2025, 624, 9, '本科一批', '历史类'),
(13, 62, 19, 2024, 622, 12, '本科一批', '物理类'),
(13, 62, 19, 2025, 637, 29, '本科一批', '历史类'),
(13, 62, 11, 2024, 639, 24, '本科一批', '综合'),
(13, 62, 11, 2025, 644, 21, '本科一批', '综合'),
(13, 63, 1, 2024, 634, 19, '本科一批', '历史类'),
(13, 63, 1, 2025, 638, 18, '本科一批', '历史类'),
(13, 63, 19, 2024, 638, 24, '本科一批', '物理类'),
(13, 63, 19, 2025, 639, 28, '本科一批', '物理类'),
(13, 63, 11, 2024, 644, 11, '本科一批', '综合'),
(13, 63, 11, 2025, 628, 26, '本科一批', '综合'),
(13, 64, 1, 2024, 625, 12, '本科一批', '物理类'),
(13, 64, 1, 2025, 637, 7, '本科一批', '物理类'),
(13, 64, 19, 2024, 620, 18, '本科一批', '历史类'),
(13, 64, 19, 2025, 642, 24, '本科一批', '历史类'),
(13, 64, 11, 2024, 629, 6, '本科一批', '综合'),
(13, 64, 11, 2025, 629, 27, '本科一批', '综合'),
(13, 65, 1, 2024, 642, 19, '本科一批', '物理类'),
(13, 65, 1, 2025, 641, 12, '本科一批', '历史类'),
(13, 65, 19, 2024, 645, 30, '本科一批', '物理类'),
(13, 65, 19, 2025, 633, 8, '本科一批', '物理类'),
(13, 65, 11, 2024, 640, 9, '本科一批', '综合'),
(13, 65, 11, 2025, 624, 7, '本科一批', '综合'),
(14, 66, 1, 2024, 625, 30, '本科一批', '物理类'),
(14, 66, 1, 2025, 629, 24, '本科一批', '物理类'),
(14, 66, 19, 2024, 643, 23, '本科一批', '物理类'),
(14, 66, 19, 2025, 629, 19, '本科一批', '物理类'),
(14, 66, 11, 2024, 623, 19, '本科一批', '综合'),
(14, 66, 11, 2025, 642, 14, '本科一批', '综合'),
(14, 67, 1, 2024, 642, 17, '本科一批', '物理类'),
(14, 67, 1, 2025, 628, 21, '本科一批', '物理类'),
(14, 67, 19, 2024, 637, 20, '本科一批', '物理类'),
(14, 67, 19, 2025, 634, 7, '本科一批', '物理类'),
(14, 67, 11, 2024, 639, 6, '本科一批', '综合'),
(14, 67, 11, 2025, 633, 28, '本科一批', '综合'),
(14, 68, 1, 2024, 630, 24, '本科一批', '物理类'),
(14, 68, 1, 2025, 628, 5, '本科一批', '物理类'),
(14, 68, 19, 2024, 622, 12, '本科一批', '物理类'),
(14, 68, 19, 2025, 641, 23, '本科一批', '物理类'),
(14, 68, 11, 2024, 638, 5, '本科一批', '综合'),
(14, 68, 11, 2025, 644, 26, '本科一批', '综合'),
(14, 69, 1, 2024, 628, 23, '本科一批', '物理类'),
(14, 69, 1, 2025, 621, 29, '本科一批', '物理类'),
(14, 69, 19, 2024, 644, 10, '本科一批', '物理类'),
(14, 69, 19, 2025, 635, 21, '本科一批', '物理类'),
(14, 69, 11, 2024, 640, 19, '本科一批', '综合'),
(14, 69, 11, 2025, 628, 10, '本科一批', '综合'),
(14, 70, 1, 2024, 638, 18, '本科一批', '物理类'),
(14, 70, 1, 2025, 640, 20, '本科一批', '物理类'),
(14, 70, 19, 2024, 622, 20, '本科一批', '物理类'),
(14, 70, 19, 2025, 631, 18, '本科一批', '物理类'),
(14, 70, 11, 2024, 630, 15, '本科一批', '综合'),
(14, 70, 11, 2025, 641, 8, '本科一批', '综合'),
(15, 71, 1, 2024, 665, 15, '本科一批', '历史类'),
(15, 71, 1, 2025, 682, 20, '本科一批', '历史类'),
(15, 71, 19, 2024, 681, 17, '本科一批', '物理类'),
(15, 71, 19, 2025, 674, 7, '本科一批', '历史类'),
(15, 71, 11, 2024, 668, 15, '本科一批', '综合'),
(15, 71, 11, 2025, 684, 17, '本科一批', '综合'),
(15, 72, 1, 2024, 681, 22, '本科一批', '历史类'),
(15, 72, 1, 2025, 673, 6, '本科一批', '物理类'),
(15, 72, 19, 2024, 676, 16, '本科一批', '历史类'),
(15, 72, 19, 2025, 680, 19, '本科一批', '物理类'),
(15, 72, 11, 2024, 666, 13, '本科一批', '综合'),
(15, 72, 11, 2025, 669, 19, '本科一批', '综合'),
(15, 73, 1, 2024, 663, 5, '本科一批', '物理类'),
(15, 73, 1, 2025, 682, 10, '本科一批', '历史类'),
(15, 73, 19, 2024, 677, 5, '本科一批', '历史类'),
(15, 73, 19, 2025, 662, 12, '本科一批', '物理类'),
(15, 73, 11, 2024, 674, 8, '本科一批', '综合'),
(15, 73, 11, 2025, 675, 27, '本科一批', '综合'),
(15, 74, 1, 2024, 676, 27, '本科一批', '历史类'),
(15, 74, 1, 2025, 673, 20, '本科一批', '历史类'),
(15, 74, 19, 2024, 667, 19, '本科一批', '物理类'),
(15, 74, 19, 2025, 672, 11, '本科一批', '物理类'),
(15, 74, 11, 2024, 662, 13, '本科一批', '综合'),
(15, 74, 11, 2025, 670, 30, '本科一批', '综合'),
(15, 75, 1, 2024, 660, 14, '本科一批', '历史类'),
(15, 75, 1, 2025, 678, 23, '本科一批', '历史类'),
(15, 75, 19, 2024, 664, 19, '本科一批', '历史类'),
(15, 75, 19, 2025, 671, 15, '本科一批', '历史类'),
(15, 75, 11, 2024, 674, 15, '本科一批', '综合'),
(15, 75, 11, 2025, 682, 12, '本科一批', '综合'),
(16, 76, 1, 2024, 627, 29, '本科一批', '物理类'),
(16, 76, 1, 2025, 633, 6, '本科一批', '物理类'),
(16, 76, 19, 2024, 630, 28, '本科一批', '物理类'),
(16, 76, 19, 2025, 635, 27, '本科一批', '物理类'),
(16, 76, 11, 2024, 645, 17, '本科一批', '综合'),
(16, 76, 11, 2025, 632, 26, '本科一批', '综合'),
(16, 77, 1, 2024, 645, 25, '本科一批', '物理类'),
(16, 77, 1, 2025, 624, 20, '本科一批', '物理类'),
(16, 77, 19, 2024, 621, 9, '本科一批', '物理类'),
(16, 77, 19, 2025, 636, 23, '本科一批', '物理类'),
(16, 77, 11, 2024, 630, 8, '本科一批', '综合'),
(16, 77, 11, 2025, 634, 8, '本科一批', '综合'),
(16, 78, 1, 2024, 636, 19, '本科一批', '物理类'),
(16, 78, 1, 2025, 620, 28, '本科一批', '物理类'),
(16, 78, 19, 2024, 624, 18, '本科一批', '物理类'),
(16, 78, 19, 2025, 640, 9, '本科一批', '物理类'),
(16, 78, 11, 2024, 622, 20, '本科一批', '综合'),
(16, 78, 11, 2025, 645, 13, '本科一批', '综合'),
(16, 79, 1, 2024, 630, 24, '本科一批', '物理类'),
(16, 79, 1, 2025, 642, 17, '本科一批', '物理类'),
(16, 79, 19, 2024, 640, 7, '本科一批', '物理类'),
(16, 79, 19, 2025, 630, 26, '本科一批', '物理类'),
(16, 79, 11, 2024, 637, 17, '本科一批', '综合'),
(16, 79, 11, 2025, 630, 25, '本科一批', '综合'),
(16, 80, 1, 2024, 642, 29, '本科一批', '物理类'),
(16, 80, 1, 2025, 635, 22, '本科一批', '物理类'),
(16, 80, 19, 2024, 621, 24, '本科一批', '物理类'),
(16, 80, 19, 2025, 622, 12, '本科一批', '物理类'),
(16, 80, 11, 2024, 640, 26, '本科一批', '综合'),
(16, 80, 11, 2025, 629, 12, '本科一批', '综合'),
(17, 81, 1, 2024, 643, 7, '本科一批', '历史类'),
(17, 81, 1, 2025, 623, 29, '本科一批', '物理类'),
(17, 81, 19, 2024, 634, 10, '本科一批', '历史类'),
(17, 81, 19, 2025, 620, 6, '本科一批', '历史类'),
(17, 81, 11, 2024, 645, 6, '本科一批', '综合'),
(17, 81, 11, 2025, 631, 16, '本科一批', '综合'),
(17, 82, 1, 2024, 624, 12, '本科一批', '历史类'),
(17, 82, 1, 2025, 638, 26, '本科一批', '物理类'),
(17, 82, 19, 2024, 625, 10, '本科一批', '物理类'),
(17, 82, 19, 2025, 639, 17, '本科一批', '物理类'),
(17, 82, 11, 2024, 635, 23, '本科一批', '综合'),
(17, 82, 11, 2025, 627, 19, '本科一批', '综合'),
(17, 83, 1, 2024, 634, 13, '本科一批', '物理类'),
(17, 83, 1, 2025, 645, 19, '本科一批', '历史类'),
(17, 83, 19, 2024, 641, 22, '本科一批', '物理类'),
(17, 83, 19, 2025, 622, 19, '本科一批', '历史类'),
(17, 83, 11, 2024, 638, 14, '本科一批', '综合'),
(17, 83, 11, 2025, 642, 13, '本科一批', '综合'),
(17, 84, 1, 2024, 629, 11, '本科一批', '历史类'),
(17, 84, 1, 2025, 635, 8, '本科一批', '物理类'),
(17, 84, 19, 2024, 632, 23, '本科一批', '历史类'),
(17, 84, 19, 2025, 638, 14, '本科一批', '历史类'),
(17, 84, 11, 2024, 620, 26, '本科一批', '综合'),
(17, 84, 11, 2025, 628, 5, '本科一批', '综合'),
(17, 85, 1, 2024, 639, 28, '本科一批', '历史类'),
(17, 85, 1, 2025, 629, 29, '本科一批', '物理类'),
(17, 85, 19, 2024, 639, 30, '本科一批', '历史类'),
(17, 85, 19, 2025, 627, 25, '本科一批', '物理类'),
(17, 85, 11, 2024, 639, 13, '本科一批', '综合'),
(17, 85, 11, 2025, 640, 8, '本科一批', '综合'),
(18, 86, 1, 2024, 629, 30, '本科一批', '历史类'),
(18, 86, 1, 2025, 621, 23, '本科一批', '历史类'),
(18, 86, 19, 2024, 643, 9, '本科一批', '物理类'),
(18, 86, 19, 2025, 629, 15, '本科一批', '历史类'),
(18, 86, 11, 2024, 625, 11, '本科一批', '综合'),
(18, 86, 11, 2025, 645, 22, '本科一批', '综合'),
(18, 87, 1, 2024, 636, 21, '本科一批', '历史类'),
(18, 87, 1, 2025, 625, 13, '本科一批', '历史类'),
(18, 87, 19, 2024, 645, 14, '本科一批', '历史类'),
(18, 87, 19, 2025, 645, 8, '本科一批', '历史类'),
(18, 87, 11, 2024, 622, 9, '本科一批', '综合'),
(18, 87, 11, 2025, 641, 28, '本科一批', '综合'),
(18, 88, 1, 2024, 645, 22, '本科一批', '历史类'),
(18, 88, 1, 2025, 622, 30, '本科一批', '历史类'),
(18, 88, 19, 2024, 620, 13, '本科一批', '物理类'),
(18, 88, 19, 2025, 634, 16, '本科一批', '历史类'),
(18, 88, 11, 2024, 638, 17, '本科一批', '综合'),
(18, 88, 11, 2025, 623, 26, '本科一批', '综合'),
(18, 89, 1, 2024, 635, 5, '本科一批', '历史类'),
(18, 89, 1, 2025, 639, 12, '本科一批', '物理类'),
(18, 89, 19, 2024, 640, 19, '本科一批', '历史类'),
(18, 89, 19, 2025, 640, 18, '本科一批', '物理类'),
(18, 89, 11, 2024, 624, 6, '本科一批', '综合'),
(18, 89, 11, 2025, 629, 20, '本科一批', '综合'),
(18, 90, 1, 2024, 623, 12, '本科一批', '物理类'),
(18, 90, 1, 2025, 632, 19, '本科一批', '历史类'),
(18, 90, 19, 2024, 641, 28, '本科一批', '历史类'),
(18, 90, 19, 2025, 638, 28, '本科一批', '物理类'),
(18, 90, 11, 2024, 633, 25, '本科一批', '综合'),
(18, 90, 11, 2025, 635, 24, '本科一批', '综合'),
(19, 91, 1, 2024, 628, 6, '本科一批', '历史类'),
(19, 91, 1, 2025, 626, 19, '本科一批', '历史类'),
(19, 91, 19, 2024, 627, 16, '本科一批', '物理类'),
(19, 91, 19, 2025, 641, 16, '本科一批', '历史类'),
(19, 91, 11, 2024, 621, 17, '本科一批', '综合'),
(19, 91, 11, 2025, 626, 8, '本科一批', '综合'),
(19, 92, 1, 2024, 622, 26, '本科一批', '物理类'),
(19, 92, 1, 2025, 640, 25, '本科一批', '物理类'),
(19, 92, 19, 2024, 621, 30, '本科一批', '历史类'),
(19, 92, 19, 2025, 627, 9, '本科一批', '物理类'),
(19, 92, 11, 2024, 622, 29, '本科一批', '综合'),
(19, 92, 11, 2025, 638, 11, '本科一批', '综合'),
(19, 93, 1, 2024, 630, 29, '本科一批', '物理类'),
(19, 93, 1, 2025, 645, 24, '本科一批', '物理类'),
(19, 93, 19, 2024, 628, 9, '本科一批', '物理类'),
(19, 93, 19, 2025, 637, 13, '本科一批', '物理类'),
(19, 93, 11, 2024, 623, 26, '本科一批', '综合'),
(19, 93, 11, 2025, 624, 5, '本科一批', '综合'),
(19, 94, 1, 2024, 645, 30, '本科一批', '物理类'),
(19, 94, 1, 2025, 638, 15, '本科一批', '物理类'),
(19, 94, 19, 2024, 625, 13, '本科一批', '物理类'),
(19, 94, 19, 2025, 624, 28, '本科一批', '历史类'),
(19, 94, 11, 2024, 636, 8, '本科一批', '综合'),
(19, 94, 11, 2025, 635, 19, '本科一批', '综合'),
(19, 95, 1, 2024, 636, 23, '本科一批', '物理类'),
(19, 95, 1, 2025, 634, 21, '本科一批', '物理类'),
(19, 95, 19, 2024, 639, 6, '本科一批', '历史类'),
(19, 95, 19, 2025, 634, 25, '本科一批', '物理类'),
(19, 95, 11, 2024, 621, 20, '本科一批', '综合'),
(19, 95, 11, 2025, 633, 26, '本科一批', '综合'),
(20, 96, 1, 2024, 635, 27, '本科一批', '历史类'),
(20, 96, 1, 2025, 622, 7, '本科一批', '历史类'),
(20, 96, 19, 2024, 639, 9, '本科一批', '物理类'),
(20, 96, 19, 2025, 624, 13, '本科一批', '历史类'),
(20, 96, 11, 2024, 632, 24, '本科一批', '综合'),
(20, 96, 11, 2025, 634, 21, '本科一批', '综合'),
(20, 97, 1, 2024, 623, 30, '本科一批', '物理类'),
(20, 97, 1, 2025, 640, 25, '本科一批', '物理类'),
(20, 97, 19, 2024, 633, 19, '本科一批', '物理类'),
(20, 97, 19, 2025, 633, 15, '本科一批', '历史类'),
(20, 97, 11, 2024, 632, 18, '本科一批', '综合'),
(20, 97, 11, 2025, 630, 18, '本科一批', '综合'),
(20, 98, 1, 2024, 641, 13, '本科一批', '历史类'),
(20, 98, 1, 2025, 624, 26, '本科一批', '历史类'),
(20, 98, 19, 2024, 622, 7, '本科一批', '物理类'),
(20, 98, 19, 2025, 622, 18, '本科一批', '物理类'),
(20, 98, 11, 2024, 643, 28, '本科一批', '综合'),
(20, 98, 11, 2025, 645, 9, '本科一批', '综合'),
(20, 99, 1, 2024, 638, 22, '本科一批', '历史类'),
(20, 99, 1, 2025, 641, 8, '本科一批', '历史类'),
(20, 99, 19, 2024, 631, 26, '本科一批', '历史类'),
(20, 99, 19, 2025, 643, 6, '本科一批', '历史类'),
(20, 99, 11, 2024, 639, 14, '本科一批', '综合'),
(20, 99, 11, 2025, 623, 23, '本科一批', '综合'),
(20, 100, 1, 2024, 624, 26, '本科一批', '历史类'),
(20, 100, 1, 2025, 627, 8, '本科一批', '历史类'),
(20, 100, 19, 2024, 637, 16, '本科一批', '物理类'),
(20, 100, 19, 2025, 644, 13, '本科一批', '物理类'),
(20, 100, 11, 2024, 645, 18, '本科一批', '综合'),
(20, 100, 11, 2025, 639, 26, '本科一批', '综合'),
(21, 101, 1, 2024, 620, 10, '本科一批', '历史类'),
(21, 101, 1, 2025, 642, 29, '本科一批', '历史类'),
(21, 101, 19, 2024, 630, 16, '本科一批', '物理类'),
(21, 101, 19, 2025, 625, 9, '本科一批', '历史类'),
(21, 101, 11, 2024, 622, 9, '本科一批', '综合'),
(21, 101, 11, 2025, 622, 28, '本科一批', '综合'),
(21, 102, 1, 2024, 632, 18, '本科一批', '历史类'),
(21, 102, 1, 2025, 630, 10, '本科一批', '历史类'),
(21, 102, 19, 2024, 629, 28, '本科一批', '历史类'),
(21, 102, 19, 2025, 644, 23, '本科一批', '物理类'),
(21, 102, 11, 2024, 621, 9, '本科一批', '综合'),
(21, 102, 11, 2025, 644, 24, '本科一批', '综合'),
(21, 103, 1, 2024, 641, 7, '本科一批', '历史类'),
(21, 103, 1, 2025, 634, 26, '本科一批', '历史类'),
(21, 103, 19, 2024, 635, 24, '本科一批', '历史类'),
(21, 103, 19, 2025, 633, 13, '本科一批', '物理类'),
(21, 103, 11, 2024, 644, 21, '本科一批', '综合'),
(21, 103, 11, 2025, 631, 18, '本科一批', '综合'),
(21, 104, 1, 2024, 629, 26, '本科一批', '历史类'),
(21, 104, 1, 2025, 636, 26, '本科一批', '历史类'),
(21, 104, 19, 2024, 621, 12, '本科一批', '历史类'),
(21, 104, 19, 2025, 639, 6, '本科一批', '物理类'),
(21, 104, 11, 2024, 626, 14, '本科一批', '综合'),
(21, 104, 11, 2025, 644, 9, '本科一批', '综合'),
(21, 105, 1, 2024, 629, 15, '本科一批', '物理类'),
(21, 105, 1, 2025, 620, 20, '本科一批', '历史类'),
(21, 105, 19, 2024, 625, 9, '本科一批', '历史类'),
(21, 105, 19, 2025, 637, 27, '本科一批', '物理类'),
(21, 105, 11, 2024, 636, 22, '本科一批', '综合'),
(21, 105, 11, 2025, 622, 17, '本科一批', '综合'),
(22, 106, 1, 2024, 633, 5, '本科一批', '物理类'),
(22, 106, 1, 2025, 634, 7, '本科一批', '物理类'),
(22, 106, 19, 2024, 630, 23, '本科一批', '物理类'),
(22, 106, 19, 2025, 633, 23, '本科一批', '物理类'),
(22, 106, 11, 2024, 632, 27, '本科一批', '综合'),
(22, 106, 11, 2025, 640, 18, '本科一批', '综合'),
(22, 107, 1, 2024, 629, 8, '本科一批', '物理类'),
(22, 107, 1, 2025, 632, 5, '本科一批', '物理类'),
(22, 107, 19, 2024, 630, 10, '本科一批', '物理类'),
(22, 107, 19, 2025, 645, 24, '本科一批', '物理类'),
(22, 107, 11, 2024, 634, 27, '本科一批', '综合'),
(22, 107, 11, 2025, 631, 7, '本科一批', '综合'),
(22, 108, 1, 2024, 633, 8, '本科一批', '物理类'),
(22, 108, 1, 2025, 627, 18, '本科一批', '物理类'),
(22, 108, 19, 2024, 638, 17, '本科一批', '物理类'),
(22, 108, 19, 2025, 636, 7, '本科一批', '物理类'),
(22, 108, 11, 2024, 632, 14, '本科一批', '综合'),
(22, 108, 11, 2025, 643, 15, '本科一批', '综合'),
(22, 109, 1, 2024, 627, 15, '本科一批', '物理类'),
(22, 109, 1, 2025, 644, 10, '本科一批', '物理类'),
(22, 109, 19, 2024, 622, 21, '本科一批', '物理类'),
(22, 109, 19, 2025, 640, 8, '本科一批', '物理类'),
(22, 109, 11, 2024, 636, 21, '本科一批', '综合'),
(22, 109, 11, 2025, 626, 29, '本科一批', '综合'),
(22, 110, 1, 2024, 631, 16, '本科一批', '物理类'),
(22, 110, 1, 2025, 643, 25, '本科一批', '物理类'),
(22, 110, 19, 2024, 624, 12, '本科一批', '物理类'),
(22, 110, 19, 2025, 623, 9, '本科一批', '物理类'),
(22, 110, 11, 2024, 628, 11, '本科一批', '综合'),
(22, 110, 11, 2025, 625, 24, '本科一批', '综合'),
(23, 111, 1, 2024, 624, 29, '本科一批', '物理类'),
(23, 111, 1, 2025, 625, 29, '本科一批', '历史类'),
(23, 111, 19, 2024, 634, 29, '本科一批', '历史类'),
(23, 111, 19, 2025, 641, 23, '本科一批', '历史类'),
(23, 111, 11, 2024, 640, 15, '本科一批', '综合'),
(23, 111, 11, 2025, 634, 7, '本科一批', '综合'),
(23, 112, 1, 2024, 634, 25, '本科一批', '历史类'),
(23, 112, 1, 2025, 645, 13, '本科一批', '物理类'),
(23, 112, 19, 2024, 631, 21, '本科一批', '物理类'),
(23, 112, 19, 2025, 629, 19, '本科一批', '历史类'),
(23, 112, 11, 2024, 621, 6, '本科一批', '综合'),
(23, 112, 11, 2025, 629, 7, '本科一批', '综合'),
(23, 113, 1, 2024, 639, 24, '本科一批', '历史类'),
(23, 113, 1, 2025, 634, 23, '本科一批', '物理类'),
(23, 113, 19, 2024, 634, 30, '本科一批', '物理类'),
(23, 113, 19, 2025, 630, 24, '本科一批', '历史类'),
(23, 113, 11, 2024, 636, 9, '本科一批', '综合'),
(23, 113, 11, 2025, 634, 8, '本科一批', '综合'),
(23, 114, 1, 2024, 642, 7, '本科一批', '物理类'),
(23, 114, 1, 2025, 621, 12, '本科一批', '历史类'),
(23, 114, 19, 2024, 634, 21, '本科一批', '物理类'),
(23, 114, 19, 2025, 631, 16, '本科一批', '历史类'),
(23, 114, 11, 2024, 632, 18, '本科一批', '综合'),
(23, 114, 11, 2025, 641, 24, '本科一批', '综合'),
(23, 115, 1, 2024, 645, 25, '本科一批', '历史类'),
(23, 115, 1, 2025, 622, 15, '本科一批', '物理类'),
(23, 115, 19, 2024, 637, 26, '本科一批', '历史类'),
(23, 115, 19, 2025, 629, 13, '本科一批', '物理类'),
(23, 115, 11, 2024, 630, 7, '本科一批', '综合'),
(23, 115, 11, 2025, 631, 14, '本科一批', '综合'),
(24, 116, 1, 2024, 624, 24, '本科一批', '物理类'),
(24, 116, 1, 2025, 629, 22, '本科一批', '历史类'),
(24, 116, 19, 2024, 640, 30, '本科一批', '历史类'),
(24, 116, 19, 2025, 624, 26, '本科一批', '物理类'),
(24, 116, 11, 2024, 640, 26, '本科一批', '综合'),
(24, 116, 11, 2025, 636, 16, '本科一批', '综合'),
(24, 117, 1, 2024, 631, 14, '本科一批', '物理类'),
(24, 117, 1, 2025, 626, 15, '本科一批', '历史类'),
(24, 117, 19, 2024, 626, 12, '本科一批', '物理类'),
(24, 117, 19, 2025, 624, 7, '本科一批', '历史类'),
(24, 117, 11, 2024, 645, 8, '本科一批', '综合'),
(24, 117, 11, 2025, 641, 15, '本科一批', '综合'),
(24, 118, 1, 2024, 639, 17, '本科一批', '物理类'),
(24, 118, 1, 2025, 625, 10, '本科一批', '物理类'),
(24, 118, 19, 2024, 643, 19, '本科一批', '物理类'),
(24, 118, 19, 2025, 633, 16, '本科一批', '物理类'),
(24, 118, 11, 2024, 634, 24, '本科一批', '综合'),
(24, 118, 11, 2025, 644, 28, '本科一批', '综合'),
(24, 119, 1, 2024, 627, 22, '本科一批', '物理类'),
(24, 119, 1, 2025, 629, 30, '本科一批', '历史类'),
(24, 119, 19, 2024, 626, 16, '本科一批', '历史类'),
(24, 119, 19, 2025, 634, 29, '本科一批', '历史类'),
(24, 119, 11, 2024, 644, 17, '本科一批', '综合'),
(24, 119, 11, 2025, 625, 11, '本科一批', '综合'),
(24, 120, 1, 2024, 628, 6, '本科一批', '历史类'),
(24, 120, 1, 2025, 631, 22, '本科一批', '物理类'),
(24, 120, 19, 2024, 642, 21, '本科一批', '物理类'),
(24, 120, 19, 2025, 629, 7, '本科一批', '物理类'),
(24, 120, 11, 2024, 628, 19, '本科一批', '综合'),
(24, 120, 11, 2025, 633, 7, '本科一批', '综合'),
(25, 121, 1, 2024, 634, 16, '本科一批', '物理类'),
(25, 121, 1, 2025, 633, 6, '本科一批', '历史类'),
(25, 121, 19, 2024, 636, 16, '本科一批', '物理类'),
(25, 121, 19, 2025, 632, 7, '本科一批', '历史类'),
(25, 121, 11, 2024, 627, 5, '本科一批', '综合'),
(25, 121, 11, 2025, 623, 27, '本科一批', '综合'),
(25, 122, 1, 2024, 645, 9, '本科一批', '物理类'),
(25, 122, 1, 2025, 621, 14, '本科一批', '历史类'),
(25, 122, 19, 2024, 642, 9, '本科一批', '历史类'),
(25, 122, 19, 2025, 634, 24, '本科一批', '物理类'),
(25, 122, 11, 2024, 622, 5, '本科一批', '综合'),
(25, 122, 11, 2025, 626, 9, '本科一批', '综合'),
(25, 123, 1, 2024, 623, 29, '本科一批', '历史类'),
(25, 123, 1, 2025, 627, 14, '本科一批', '物理类'),
(25, 123, 19, 2024, 621, 12, '本科一批', '历史类'),
(25, 123, 19, 2025, 640, 30, '本科一批', '历史类'),
(25, 123, 11, 2024, 622, 8, '本科一批', '综合'),
(25, 123, 11, 2025, 639, 22, '本科一批', '综合'),
(25, 124, 1, 2024, 640, 21, '本科一批', '物理类'),
(25, 124, 1, 2025, 642, 9, '本科一批', '历史类'),
(25, 124, 19, 2024, 633, 5, '本科一批', '历史类'),
(25, 124, 19, 2025, 627, 23, '本科一批', '历史类'),
(25, 124, 11, 2024, 625, 26, '本科一批', '综合'),
(25, 124, 11, 2025, 636, 16, '本科一批', '综合'),
(25, 125, 1, 2024, 636, 22, '本科一批', '物理类'),
(25, 125, 1, 2025, 632, 20, '本科一批', '物理类'),
(25, 125, 19, 2024, 640, 17, '本科一批', '历史类'),
(25, 125, 19, 2025, 628, 28, '本科一批', '物理类'),
(25, 125, 11, 2024, 631, 30, '本科一批', '综合'),
(25, 125, 11, 2025, 631, 12, '本科一批', '综合'),
(26, 126, 1, 2024, 644, 23, '本科一批', '历史类'),
(26, 126, 1, 2025, 624, 6, '本科一批', '历史类'),
(26, 126, 19, 2024, 637, 15, '本科一批', '物理类'),
(26, 126, 19, 2025, 644, 26, '本科一批', '历史类'),
(26, 126, 11, 2024, 642, 20, '本科一批', '综合'),
(26, 126, 11, 2025, 645, 9, '本科一批', '综合'),
(26, 127, 1, 2024, 642, 29, '本科一批', '历史类'),
(26, 127, 1, 2025, 621, 14, '本科一批', '物理类'),
(26, 127, 19, 2024, 621, 30, '本科一批', '物理类'),
(26, 127, 19, 2025, 621, 15, '本科一批', '历史类'),
(26, 127, 11, 2024, 636, 17, '本科一批', '综合'),
(26, 127, 11, 2025, 628, 6, '本科一批', '综合'),
(26, 128, 1, 2024, 629, 16, '本科一批', '物理类'),
(26, 128, 1, 2025, 640, 15, '本科一批', '历史类'),
(26, 128, 19, 2024, 623, 30, '本科一批', '历史类'),
(26, 128, 19, 2025, 633, 17, '本科一批', '历史类'),
(26, 128, 11, 2024, 632, 15, '本科一批', '综合'),
(26, 128, 11, 2025, 635, 27, '本科一批', '综合'),
(26, 129, 1, 2024, 631, 30, '本科一批', '历史类'),
(26, 129, 1, 2025, 645, 7, '本科一批', '历史类'),
(26, 129, 19, 2024, 622, 18, '本科一批', '物理类'),
(26, 129, 19, 2025, 637, 14, '本科一批', '历史类'),
(26, 129, 11, 2024, 623, 7, '本科一批', '综合'),
(26, 129, 11, 2025, 641, 14, '本科一批', '综合'),
(26, 130, 1, 2024, 634, 24, '本科一批', '历史类'),
(26, 130, 1, 2025, 625, 27, '本科一批', '历史类'),
(26, 130, 19, 2024, 631, 19, '本科一批', '物理类'),
(26, 130, 19, 2025, 643, 16, '本科一批', '历史类'),
(26, 130, 11, 2024, 628, 25, '本科一批', '综合'),
(26, 130, 11, 2025, 622, 26, '本科一批', '综合'),
(27, 131, 1, 2024, 631, 21, '本科一批', '物理类'),
(27, 131, 1, 2025, 645, 28, '本科一批', '物理类'),
(27, 131, 19, 2024, 641, 10, '本科一批', '物理类'),
(27, 131, 19, 2025, 620, 9, '本科一批', '物理类'),
(27, 131, 11, 2024, 639, 26, '本科一批', '综合'),
(27, 131, 11, 2025, 645, 19, '本科一批', '综合'),
(27, 132, 1, 2024, 621, 9, '本科一批', '物理类'),
(27, 132, 1, 2025, 622, 12, '本科一批', '物理类'),
(27, 132, 19, 2024, 644, 25, '本科一批', '物理类'),
(27, 132, 19, 2025, 631, 16, '本科一批', '物理类'),
(27, 132, 11, 2024, 632, 23, '本科一批', '综合'),
(27, 132, 11, 2025, 621, 24, '本科一批', '综合'),
(27, 133, 1, 2024, 624, 26, '本科一批', '物理类'),
(27, 133, 1, 2025, 634, 16, '本科一批', '物理类'),
(27, 133, 19, 2024, 631, 19, '本科一批', '物理类'),
(27, 133, 19, 2025, 644, 7, '本科一批', '物理类'),
(27, 133, 11, 2024, 638, 9, '本科一批', '综合'),
(27, 133, 11, 2025, 636, 16, '本科一批', '综合'),
(27, 134, 1, 2024, 632, 15, '本科一批', '物理类'),
(27, 134, 1, 2025, 640, 13, '本科一批', '物理类'),
(27, 134, 19, 2024, 627, 8, '本科一批', '物理类'),
(27, 134, 19, 2025, 620, 28, '本科一批', '物理类'),
(27, 134, 11, 2024, 625, 20, '本科一批', '综合'),
(27, 134, 11, 2025, 636, 17, '本科一批', '综合'),
(27, 135, 1, 2024, 637, 8, '本科一批', '物理类'),
(27, 135, 1, 2025, 628, 29, '本科一批', '物理类'),
(27, 135, 19, 2024, 628, 27, '本科一批', '物理类'),
(27, 135, 19, 2025, 634, 11, '本科一批', '物理类'),
(27, 135, 11, 2024, 639, 14, '本科一批', '综合'),
(27, 135, 11, 2025, 642, 20, '本科一批', '综合'),
(28, 136, 1, 2024, 626, 8, '本科一批', '物理类'),
(28, 136, 1, 2025, 622, 19, '本科一批', '物理类'),
(28, 136, 19, 2024, 642, 19, '本科一批', '物理类'),
(28, 136, 19, 2025, 645, 26, '本科一批', '历史类'),
(28, 136, 11, 2024, 641, 16, '本科一批', '综合'),
(28, 136, 11, 2025, 637, 22, '本科一批', '综合'),
(28, 137, 1, 2024, 629, 10, '本科一批', '物理类'),
(28, 137, 1, 2025, 645, 16, '本科一批', '物理类'),
(28, 137, 19, 2024, 623, 11, '本科一批', '物理类'),
(28, 137, 19, 2025, 627, 30, '本科一批', '历史类'),
(28, 137, 11, 2024, 620, 16, '本科一批', '综合'),
(28, 137, 11, 2025, 634, 30, '本科一批', '综合'),
(28, 138, 1, 2024, 639, 7, '本科一批', '物理类'),
(28, 138, 1, 2025, 629, 17, '本科一批', '历史类'),
(28, 138, 19, 2024, 636, 18, '本科一批', '历史类'),
(28, 138, 19, 2025, 638, 7, '本科一批', '物理类'),
(28, 138, 11, 2024, 630, 25, '本科一批', '综合'),
(28, 138, 11, 2025, 634, 19, '本科一批', '综合'),
(28, 139, 1, 2024, 624, 29, '本科一批', '物理类'),
(28, 139, 1, 2025, 644, 9, '本科一批', '历史类'),
(28, 139, 19, 2024, 636, 6, '本科一批', '物理类'),
(28, 139, 19, 2025, 636, 9, '本科一批', '历史类'),
(28, 139, 11, 2024, 625, 10, '本科一批', '综合'),
(28, 139, 11, 2025, 642, 12, '本科一批', '综合'),
(28, 140, 1, 2024, 636, 14, '本科一批', '物理类'),
(28, 140, 1, 2025, 628, 11, '本科一批', '历史类'),
(28, 140, 19, 2024, 624, 25, '本科一批', '历史类'),
(28, 140, 19, 2025, 639, 22, '本科一批', '物理类'),
(28, 140, 11, 2024, 636, 25, '本科一批', '综合'),
(28, 140, 11, 2025, 638, 23, '本科一批', '综合'),
(29, 141, 1, 2024, 625, 26, '本科一批', '历史类'),
(29, 141, 1, 2025, 638, 6, '本科一批', '物理类'),
(29, 141, 19, 2024, 622, 6, '本科一批', '历史类'),
(29, 141, 19, 2025, 640, 11, '本科一批', '历史类'),
(29, 141, 11, 2024, 639, 25, '本科一批', '综合'),
(29, 141, 11, 2025, 635, 25, '本科一批', '综合'),
(29, 142, 1, 2024, 640, 14, '本科一批', '历史类'),
(29, 142, 1, 2025, 627, 30, '本科一批', '历史类'),
(29, 142, 19, 2024, 629, 19, '本科一批', '物理类'),
(29, 142, 19, 2025, 642, 6, '本科一批', '物理类'),
(29, 142, 11, 2024, 634, 18, '本科一批', '综合'),
(29, 142, 11, 2025, 634, 11, '本科一批', '综合'),
(29, 143, 1, 2024, 639, 9, '本科一批', '历史类'),
(29, 143, 1, 2025, 642, 15, '本科一批', '历史类'),
(29, 143, 19, 2024, 632, 9, '本科一批', '历史类'),
(29, 143, 19, 2025, 636, 22, '本科一批', '物理类'),
(29, 143, 11, 2024, 630, 12, '本科一批', '综合'),
(29, 143, 11, 2025, 623, 13, '本科一批', '综合'),
(29, 144, 1, 2024, 627, 9, '本科一批', '物理类'),
(29, 144, 1, 2025, 621, 14, '本科一批', '历史类'),
(29, 144, 19, 2024, 639, 18, '本科一批', '物理类'),
(29, 144, 19, 2025, 625, 15, '本科一批', '历史类'),
(29, 144, 11, 2024, 626, 29, '本科一批', '综合'),
(29, 144, 11, 2025, 635, 21, '本科一批', '综合'),
(29, 145, 1, 2024, 635, 14, '本科一批', '历史类'),
(29, 145, 1, 2025, 620, 7, '本科一批', '历史类'),
(29, 145, 19, 2024, 636, 19, '本科一批', '物理类'),
(29, 145, 19, 2025, 626, 23, '本科一批', '历史类'),
(29, 145, 11, 2024, 621, 6, '本科一批', '综合'),
(29, 145, 11, 2025, 635, 24, '本科一批', '综合'),
(30, 146, 1, 2024, 629, 22, '本科一批', '物理类'),
(30, 146, 1, 2025, 620, 8, '本科一批', '物理类'),
(30, 146, 19, 2024, 633, 9, '本科一批', '物理类'),
(30, 146, 19, 2025, 628, 28, '本科一批', '物理类'),
(30, 146, 11, 2024, 631, 29, '本科一批', '综合'),
(30, 146, 11, 2025, 632, 16, '本科一批', '综合'),
(30, 147, 1, 2024, 621, 17, '本科一批', '物理类'),
(30, 147, 1, 2025, 621, 23, '本科一批', '物理类'),
(30, 147, 19, 2024, 637, 11, '本科一批', '物理类'),
(30, 147, 19, 2025, 631, 22, '本科一批', '物理类'),
(30, 147, 11, 2024, 629, 7, '本科一批', '综合'),
(30, 147, 11, 2025, 632, 21, '本科一批', '综合'),
(30, 148, 1, 2024, 634, 29, '本科一批', '物理类'),
(30, 148, 1, 2025, 637, 13, '本科一批', '物理类'),
(30, 148, 19, 2024, 639, 26, '本科一批', '物理类'),
(30, 148, 19, 2025, 639, 8, '本科一批', '物理类'),
(30, 148, 11, 2024, 624, 8, '本科一批', '综合'),
(30, 148, 11, 2025, 632, 16, '本科一批', '综合'),
(30, 149, 1, 2024, 645, 15, '本科一批', '物理类'),
(30, 149, 1, 2025, 637, 16, '本科一批', '物理类'),
(30, 149, 19, 2024, 644, 9, '本科一批', '物理类'),
(30, 149, 19, 2025, 626, 24, '本科一批', '物理类'),
(30, 149, 11, 2024, 636, 17, '本科一批', '综合'),
(30, 149, 11, 2025, 636, 6, '本科一批', '综合'),
(30, 150, 1, 2024, 621, 6, '本科一批', '物理类'),
(30, 150, 1, 2025, 624, 27, '本科一批', '物理类'),
(30, 150, 19, 2024, 630, 30, '本科一批', '物理类'),
(30, 150, 19, 2025, 635, 21, '本科一批', '物理类'),
(30, 150, 11, 2024, 634, 9, '本科一批', '综合'),
(30, 150, 11, 2025, 639, 21, '本科一批', '综合'),
(31, 151, 1, 2024, 624, 15, '本科一批', '历史类'),
(31, 151, 1, 2025, 625, 17, '本科一批', '历史类'),
(31, 151, 19, 2024, 638, 15, '本科一批', '历史类'),
(31, 151, 19, 2025, 642, 23, '本科一批', '历史类'),
(31, 151, 11, 2024, 635, 5, '本科一批', '综合'),
(31, 151, 11, 2025, 630, 26, '本科一批', '综合'),
(31, 152, 1, 2024, 633, 23, '本科一批', '历史类'),
(31, 152, 1, 2025, 645, 28, '本科一批', '物理类'),
(31, 152, 19, 2024, 639, 20, '本科一批', '历史类'),
(31, 152, 19, 2025, 640, 30, '本科一批', '物理类'),
(31, 152, 11, 2024, 643, 6, '本科一批', '综合'),
(31, 152, 11, 2025, 625, 21, '本科一批', '综合'),
(31, 153, 1, 2024, 624, 26, '本科一批', '物理类'),
(31, 153, 1, 2025, 621, 23, '本科一批', '物理类'),
(31, 153, 19, 2024, 626, 5, '本科一批', '历史类'),
(31, 153, 19, 2025, 630, 18, '本科一批', '物理类'),
(31, 153, 11, 2024, 633, 27, '本科一批', '综合'),
(31, 153, 11, 2025, 633, 21, '本科一批', '综合'),
(31, 154, 1, 2024, 643, 28, '本科一批', '物理类'),
(31, 154, 1, 2025, 642, 9, '本科一批', '物理类'),
(31, 154, 19, 2024, 637, 15, '本科一批', '历史类'),
(31, 154, 19, 2025, 636, 17, '本科一批', '历史类'),
(31, 154, 11, 2024, 625, 19, '本科一批', '综合'),
(31, 154, 11, 2025, 637, 16, '本科一批', '综合'),
(31, 155, 1, 2024, 639, 20, '本科一批', '物理类'),
(31, 155, 1, 2025, 627, 13, '本科一批', '历史类'),
(31, 155, 19, 2024, 627, 14, '本科一批', '历史类'),
(31, 155, 19, 2025, 642, 11, '本科一批', '历史类'),
(31, 155, 11, 2024, 630, 20, '本科一批', '综合'),
(31, 155, 11, 2025, 637, 30, '本科一批', '综合'),
(32, 156, 1, 2024, 629, 8, '本科一批', '物理类'),
(32, 156, 1, 2025, 638, 26, '本科一批', '物理类'),
(32, 156, 19, 2024, 637, 17, '本科一批', '物理类'),
(32, 156, 19, 2025, 632, 16, '本科一批', '物理类'),
(32, 156, 11, 2024, 644, 30, '本科一批', '综合'),
(32, 156, 11, 2025, 624, 14, '本科一批', '综合'),
(32, 157, 1, 2024, 621, 14, '本科一批', '物理类'),
(32, 157, 1, 2025, 642, 7, '本科一批', '物理类'),
(32, 157, 19, 2024, 631, 19, '本科一批', '物理类'),
(32, 157, 19, 2025, 640, 13, '本科一批', '物理类'),
(32, 157, 11, 2024, 643, 20, '本科一批', '综合'),
(32, 157, 11, 2025, 626, 11, '本科一批', '综合'),
(32, 158, 1, 2024, 637, 13, '本科一批', '物理类'),
(32, 158, 1, 2025, 637, 27, '本科一批', '物理类'),
(32, 158, 19, 2024, 628, 9, '本科一批', '物理类'),
(32, 158, 19, 2025, 623, 24, '本科一批', '物理类'),
(32, 158, 11, 2024, 643, 23, '本科一批', '综合'),
(32, 158, 11, 2025, 627, 12, '本科一批', '综合'),
(32, 159, 1, 2024, 621, 26, '本科一批', '物理类'),
(32, 159, 1, 2025, 636, 12, '本科一批', '物理类'),
(32, 159, 19, 2024, 640, 12, '本科一批', '物理类'),
(32, 159, 19, 2025, 621, 8, '本科一批', '物理类'),
(32, 159, 11, 2024, 633, 15, '本科一批', '综合'),
(32, 159, 11, 2025, 642, 20, '本科一批', '综合'),
(32, 160, 1, 2024, 623, 26, '本科一批', '物理类'),
(32, 160, 1, 2025, 644, 9, '本科一批', '物理类'),
(32, 160, 19, 2024, 620, 22, '本科一批', '物理类'),
(32, 160, 19, 2025, 625, 18, '本科一批', '物理类'),
(32, 160, 11, 2024, 640, 20, '本科一批', '综合'),
(32, 160, 11, 2025, 635, 25, '本科一批', '综合'),
(33, 161, 1, 2024, 626, 29, '本科一批', '历史类'),
(33, 161, 1, 2025, 630, 14, '本科一批', '物理类'),
(33, 161, 19, 2024, 644, 7, '本科一批', '物理类'),
(33, 161, 19, 2025, 637, 28, '本科一批', '物理类'),
(33, 161, 11, 2024, 625, 18, '本科一批', '综合'),
(33, 161, 11, 2025, 621, 17, '本科一批', '综合'),
(33, 162, 1, 2024, 625, 28, '本科一批', '历史类'),
(33, 162, 1, 2025, 621, 5, '本科一批', '历史类'),
(33, 162, 19, 2024, 638, 24, '本科一批', '物理类'),
(33, 162, 19, 2025, 630, 14, '本科一批', '历史类'),
(33, 162, 11, 2024, 640, 22, '本科一批', '综合'),
(33, 162, 11, 2025, 624, 21, '本科一批', '综合'),
(33, 163, 1, 2024, 628, 11, '本科一批', '物理类'),
(33, 163, 1, 2025, 630, 10, '本科一批', '历史类'),
(33, 163, 19, 2024, 640, 13, '本科一批', '物理类'),
(33, 163, 19, 2025, 620, 28, '本科一批', '历史类'),
(33, 163, 11, 2024, 645, 14, '本科一批', '综合'),
(33, 163, 11, 2025, 625, 24, '本科一批', '综合'),
(33, 164, 1, 2024, 633, 21, '本科一批', '历史类'),
(33, 164, 1, 2025, 622, 17, '本科一批', '物理类'),
(33, 164, 19, 2024, 625, 9, '本科一批', '历史类'),
(33, 164, 19, 2025, 630, 12, '本科一批', '物理类'),
(33, 164, 11, 2024, 628, 17, '本科一批', '综合'),
(33, 164, 11, 2025, 634, 29, '本科一批', '综合'),
(33, 165, 1, 2024, 630, 14, '本科一批', '物理类'),
(33, 165, 1, 2025, 628, 25, '本科一批', '历史类'),
(33, 165, 19, 2024, 642, 12, '本科一批', '物理类'),
(33, 165, 19, 2025, 641, 8, '本科一批', '历史类'),
(33, 165, 11, 2024, 629, 10, '本科一批', '综合'),
(33, 165, 11, 2025, 641, 21, '本科一批', '综合'),
(34, 166, 1, 2024, 642, 8, '本科一批', '历史类'),
(34, 166, 1, 2025, 631, 24, '本科一批', '物理类'),
(34, 166, 19, 2024, 627, 9, '本科一批', '历史类'),
(34, 166, 19, 2025, 624, 19, '本科一批', '历史类'),
(34, 166, 11, 2024, 633, 27, '本科一批', '综合'),
(34, 166, 11, 2025, 644, 22, '本科一批', '综合'),
(34, 167, 1, 2024, 644, 12, '本科一批', '物理类'),
(34, 167, 1, 2025, 636, 19, '本科一批', '历史类'),
(34, 167, 19, 2024, 622, 23, '本科一批', '物理类'),
(34, 167, 19, 2025, 621, 22, '本科一批', '物理类'),
(34, 167, 11, 2024, 638, 22, '本科一批', '综合'),
(34, 167, 11, 2025, 625, 15, '本科一批', '综合'),
(34, 168, 1, 2024, 623, 26, '本科一批', '物理类'),
(34, 168, 1, 2025, 642, 23, '本科一批', '历史类'),
(34, 168, 19, 2024, 622, 21, '本科一批', '历史类'),
(34, 168, 19, 2025, 645, 6, '本科一批', '历史类'),
(34, 168, 11, 2024, 624, 21, '本科一批', '综合'),
(34, 168, 11, 2025, 634, 23, '本科一批', '综合'),
(34, 169, 1, 2024, 637, 19, '本科一批', '历史类'),
(34, 169, 1, 2025, 643, 5, '本科一批', '历史类'),
(34, 169, 19, 2024, 628, 5, '本科一批', '物理类'),
(34, 169, 19, 2025, 638, 7, '本科一批', '物理类'),
(34, 169, 11, 2024, 633, 16, '本科一批', '综合'),
(34, 169, 11, 2025, 637, 6, '本科一批', '综合'),
(34, 170, 1, 2024, 635, 6, '本科一批', '历史类'),
(34, 170, 1, 2025, 633, 10, '本科一批', '物理类'),
(34, 170, 19, 2024, 644, 25, '本科一批', '历史类'),
(34, 170, 19, 2025, 631, 17, '本科一批', '历史类'),
(34, 170, 11, 2024, 632, 17, '本科一批', '综合'),
(34, 170, 11, 2025, 641, 26, '本科一批', '综合'),
(35, 171, 1, 2024, 640, 16, '本科一批', '物理类'),
(35, 171, 1, 2025, 623, 10, '本科一批', '物理类'),
(35, 171, 19, 2024, 637, 17, '本科一批', '物理类'),
(35, 171, 19, 2025, 636, 9, '本科一批', '物理类'),
(35, 171, 11, 2024, 643, 12, '本科一批', '综合'),
(35, 171, 11, 2025, 620, 29, '本科一批', '综合'),
(35, 172, 1, 2024, 620, 14, '本科一批', '物理类'),
(35, 172, 1, 2025, 634, 26, '本科一批', '物理类'),
(35, 172, 19, 2024, 643, 22, '本科一批', '物理类'),
(35, 172, 19, 2025, 633, 22, '本科一批', '物理类'),
(35, 172, 11, 2024, 632, 12, '本科一批', '综合'),
(35, 172, 11, 2025, 627, 19, '本科一批', '综合'),
(35, 173, 1, 2024, 631, 9, '本科一批', '物理类'),
(35, 173, 1, 2025, 628, 11, '本科一批', '物理类'),
(35, 173, 19, 2024, 643, 29, '本科一批', '物理类'),
(35, 173, 19, 2025, 623, 6, '本科一批', '物理类'),
(35, 173, 11, 2024, 645, 26, '本科一批', '综合'),
(35, 173, 11, 2025, 633, 24, '本科一批', '综合'),
(35, 174, 1, 2024, 644, 5, '本科一批', '物理类'),
(35, 174, 1, 2025, 627, 11, '本科一批', '物理类'),
(35, 174, 19, 2024, 622, 8, '本科一批', '物理类'),
(35, 174, 19, 2025, 639, 6, '本科一批', '物理类'),
(35, 174, 11, 2024, 634, 24, '本科一批', '综合'),
(35, 174, 11, 2025, 641, 27, '本科一批', '综合'),
(35, 175, 1, 2024, 621, 12, '本科一批', '物理类'),
(35, 175, 1, 2025, 643, 6, '本科一批', '物理类'),
(35, 175, 19, 2024, 632, 19, '本科一批', '物理类'),
(35, 175, 19, 2025, 627, 22, '本科一批', '物理类'),
(35, 175, 11, 2024, 626, 29, '本科一批', '综合'),
(35, 175, 11, 2025, 644, 6, '本科一批', '综合'),
(36, 176, 1, 2024, 624, 21, '本科一批', '历史类'),
(36, 176, 1, 2025, 627, 28, '本科一批', '历史类'),
(36, 176, 19, 2024, 638, 24, '本科一批', '历史类'),
(36, 176, 19, 2025, 627, 14, '本科一批', '物理类'),
(36, 176, 11, 2024, 641, 21, '本科一批', '综合'),
(36, 176, 11, 2025, 633, 14, '本科一批', '综合'),
(36, 177, 1, 2024, 621, 22, '本科一批', '物理类'),
(36, 177, 1, 2025, 640, 26, '本科一批', '历史类'),
(36, 177, 19, 2024, 637, 20, '本科一批', '物理类'),
(36, 177, 19, 2025, 631, 25, '本科一批', '历史类'),
(36, 177, 11, 2024, 645, 21, '本科一批', '综合'),
(36, 177, 11, 2025, 642, 18, '本科一批', '综合'),
(36, 178, 1, 2024, 624, 14, '本科一批', '历史类'),
(36, 178, 1, 2025, 625, 29, '本科一批', '历史类'),
(36, 178, 19, 2024, 627, 12, '本科一批', '历史类'),
(36, 178, 19, 2025, 642, 9, '本科一批', '历史类'),
(36, 178, 11, 2024, 621, 22, '本科一批', '综合'),
(36, 178, 11, 2025, 633, 22, '本科一批', '综合'),
(36, 179, 1, 2024, 632, 12, '本科一批', '历史类'),
(36, 179, 1, 2025, 626, 15, '本科一批', '物理类'),
(36, 179, 19, 2024, 634, 16, '本科一批', '物理类'),
(36, 179, 19, 2025, 637, 28, '本科一批', '物理类'),
(36, 179, 11, 2024, 621, 13, '本科一批', '综合'),
(36, 179, 11, 2025, 641, 24, '本科一批', '综合'),
(36, 180, 1, 2024, 622, 11, '本科一批', '物理类'),
(36, 180, 1, 2025, 635, 11, '本科一批', '历史类'),
(36, 180, 19, 2024, 629, 5, '本科一批', '物理类'),
(36, 180, 19, 2025, 626, 28, '本科一批', '物理类'),
(36, 180, 11, 2024, 643, 29, '本科一批', '综合'),
(36, 180, 11, 2025, 627, 27, '本科一批', '综合'),
(37, 181, 1, 2024, 632, 12, '本科一批', '物理类'),
(37, 181, 1, 2025, 637, 15, '本科一批', '物理类'),
(37, 181, 19, 2024, 644, 14, '本科一批', '物理类'),
(37, 181, 19, 2025, 632, 19, '本科一批', '物理类'),
(37, 181, 11, 2024, 637, 25, '本科一批', '综合'),
(37, 181, 11, 2025, 631, 14, '本科一批', '综合'),
(37, 182, 1, 2024, 628, 16, '本科一批', '物理类'),
(37, 182, 1, 2025, 636, 20, '本科一批', '物理类'),
(37, 182, 19, 2024, 634, 8, '本科一批', '物理类'),
(37, 182, 19, 2025, 645, 28, '本科一批', '物理类'),
(37, 182, 11, 2024, 635, 29, '本科一批', '综合'),
(37, 182, 11, 2025, 630, 11, '本科一批', '综合'),
(37, 183, 1, 2024, 631, 15, '本科一批', '物理类'),
(37, 183, 1, 2025, 633, 6, '本科一批', '物理类'),
(37, 183, 19, 2024, 638, 12, '本科一批', '物理类'),
(37, 183, 19, 2025, 643, 9, '本科一批', '物理类'),
(37, 183, 11, 2024, 620, 13, '本科一批', '综合'),
(37, 183, 11, 2025, 637, 23, '本科一批', '综合'),
(37, 184, 1, 2024, 638, 28, '本科一批', '物理类'),
(37, 184, 1, 2025, 633, 14, '本科一批', '物理类'),
(37, 184, 19, 2024, 624, 11, '本科一批', '物理类'),
(37, 184, 19, 2025, 630, 12, '本科一批', '物理类'),
(37, 184, 11, 2024, 632, 23, '本科一批', '综合'),
(37, 184, 11, 2025, 627, 20, '本科一批', '综合'),
(37, 185, 1, 2024, 637, 25, '本科一批', '物理类'),
(37, 185, 1, 2025, 641, 15, '本科一批', '物理类'),
(37, 185, 19, 2024, 628, 29, '本科一批', '物理类'),
(37, 185, 19, 2025, 635, 28, '本科一批', '物理类'),
(37, 185, 11, 2024, 640, 28, '本科一批', '综合'),
(37, 185, 11, 2025, 635, 19, '本科一批', '综合'),
(38, 186, 1, 2024, 625, 28, '本科一批', '物理类'),
(38, 186, 1, 2025, 645, 16, '本科一批', '物理类'),
(38, 186, 19, 2024, 625, 9, '本科一批', '物理类'),
(38, 186, 19, 2025, 643, 22, '本科一批', '物理类'),
(38, 186, 11, 2024, 635, 10, '本科一批', '综合'),
(38, 186, 11, 2025, 637, 25, '本科一批', '综合'),
(38, 187, 1, 2024, 621, 21, '本科一批', '物理类'),
(38, 187, 1, 2025, 621, 7, '本科一批', '物理类'),
(38, 187, 19, 2024, 641, 6, '本科一批', '物理类'),
(38, 187, 19, 2025, 644, 5, '本科一批', '物理类'),
(38, 187, 11, 2024, 633, 9, '本科一批', '综合'),
(38, 187, 11, 2025, 640, 12, '本科一批', '综合'),
(38, 188, 1, 2024, 622, 27, '本科一批', '物理类'),
(38, 188, 1, 2025, 624, 5, '本科一批', '物理类'),
(38, 188, 19, 2024, 626, 21, '本科一批', '物理类'),
(38, 188, 19, 2025, 634, 16, '本科一批', '物理类'),
(38, 188, 11, 2024, 621, 24, '本科一批', '综合'),
(38, 188, 11, 2025, 640, 26, '本科一批', '综合'),
(38, 189, 1, 2024, 639, 20, '本科一批', '物理类'),
(38, 189, 1, 2025, 641, 20, '本科一批', '物理类'),
(38, 189, 19, 2024, 620, 5, '本科一批', '物理类'),
(38, 189, 19, 2025, 637, 22, '本科一批', '物理类'),
(38, 189, 11, 2024, 633, 5, '本科一批', '综合'),
(38, 189, 11, 2025, 620, 21, '本科一批', '综合'),
(38, 190, 1, 2024, 643, 13, '本科一批', '物理类'),
(38, 190, 1, 2025, 637, 14, '本科一批', '物理类'),
(38, 190, 19, 2024, 620, 21, '本科一批', '物理类'),
(38, 190, 19, 2025, 642, 26, '本科一批', '物理类'),
(38, 190, 11, 2024, 633, 30, '本科一批', '综合'),
(38, 190, 11, 2025, 625, 8, '本科一批', '综合'),
(39, 191, 1, 2024, 623, 21, '本科一批', '物理类'),
(39, 191, 1, 2025, 627, 11, '本科一批', '历史类'),
(39, 191, 19, 2024, 631, 13, '本科一批', '历史类'),
(39, 191, 19, 2025, 622, 16, '本科一批', '历史类'),
(39, 191, 11, 2024, 634, 23, '本科一批', '综合'),
(39, 191, 11, 2025, 642, 12, '本科一批', '综合'),
(39, 192, 1, 2024, 641, 7, '本科一批', '物理类'),
(39, 192, 1, 2025, 622, 17, '本科一批', '历史类'),
(39, 192, 19, 2024, 632, 22, '本科一批', '历史类'),
(39, 192, 19, 2025, 621, 25, '本科一批', '物理类'),
(39, 192, 11, 2024, 642, 10, '本科一批', '综合'),
(39, 192, 11, 2025, 635, 18, '本科一批', '综合'),
(39, 193, 1, 2024, 638, 8, '本科一批', '物理类'),
(39, 193, 1, 2025, 627, 11, '本科一批', '历史类'),
(39, 193, 19, 2024, 628, 6, '本科一批', '物理类'),
(39, 193, 19, 2025, 641, 13, '本科一批', '物理类'),
(39, 193, 11, 2024, 625, 15, '本科一批', '综合'),
(39, 193, 11, 2025, 626, 23, '本科一批', '综合'),
(39, 194, 1, 2024, 644, 27, '本科一批', '历史类'),
(39, 194, 1, 2025, 622, 14, '本科一批', '物理类'),
(39, 194, 19, 2024, 638, 12, '本科一批', '历史类'),
(39, 194, 19, 2025, 641, 22, '本科一批', '历史类'),
(39, 194, 11, 2024, 632, 29, '本科一批', '综合'),
(39, 194, 11, 2025, 645, 27, '本科一批', '综合'),
(39, 195, 1, 2024, 636, 28, '本科一批', '历史类'),
(39, 195, 1, 2025, 621, 8, '本科一批', '历史类'),
(39, 195, 19, 2024, 627, 7, '本科一批', '历史类'),
(39, 195, 19, 2025, 639, 29, '本科一批', '历史类'),
(39, 195, 11, 2024, 644, 15, '本科一批', '综合'),
(39, 195, 11, 2025, 640, 13, '本科一批', '综合');

-- ==========================================
-- 插入非985的211高校数据
-- ==========================================
INSERT INTO schools (id, name, province_id, city, level, is_985, is_211, is_double_first_class, category, batch, description, details, website, phone) VALUES 
(40, '北京交通大学', 1, '北京市', '本科', FALSE, TRUE, TRUE, '理工类', '本科一批', '中国优秀211高校', '北京交通大学是国家211工程、双一流重点建设高校。', 'https://www.edu.cn', '010-12345678'),
(41, '北京工业大学', 1, '北京市', '本科', FALSE, TRUE, TRUE, '理工类', '本科一批', '中国优秀211高校', '北京工业大学是国家211工程、双一流重点建设高校。', 'https://www.edu.cn', '010-12345678'),
(42, '北京科技大学', 1, '北京市', '本科', FALSE, TRUE, TRUE, '理工类', '本科一批', '中国优秀211高校', '北京科技大学是国家211工程、双一流重点建设高校。', 'https://www.edu.cn', '010-12345678'),
(43, '北京化工大学', 1, '北京市', '本科', FALSE, TRUE, TRUE, '理工类', '本科一批', '中国优秀211高校', '北京化工大学是国家211工程、双一流重点建设高校。', 'https://www.edu.cn', '010-12345678'),
(44, '北京邮电大学', 1, '北京市', '本科', FALSE, TRUE, TRUE, '理工类', '本科一批', '中国优秀211高校', '北京邮电大学是国家211工程、双一流重点建设高校。', 'https://www.edu.cn', '010-12345678'),
(45, '北京林业大学', 1, '北京市', '本科', FALSE, TRUE, TRUE, '农林类', '本科一批', '中国优秀211高校', '北京林业大学是国家211工程、双一流重点建设高校。', 'https://www.edu.cn', '010-12345678'),
(46, '中国传媒大学', 1, '北京市', '本科', FALSE, TRUE, TRUE, '综合类', '本科一批', '中国优秀211高校', '中国传媒大学是国家211工程、双一流重点建设高校。', 'https://www.edu.cn', '010-12345678'),
(47, '中央音乐学院', 1, '北京市', '本科', FALSE, TRUE, TRUE, '艺术类', '本科一批', '中国优秀211高校', '中央音乐学院是国家211工程、双一流重点建设高校。', 'https://www.edu.cn', '010-12345678'),
(48, '对外经济贸易大学', 1, '北京市', '本科', FALSE, TRUE, TRUE, '财经类', '本科一批', '中国优秀211高校', '对外经济贸易大学是国家211工程、双一流重点建设高校。', 'https://www.edu.cn', '010-12345678'),
(49, '中国政法大学', 1, '北京市', '本科', FALSE, TRUE, TRUE, '政法类', '本科一批', '中国优秀211高校', '中国政法大学是国家211工程、双一流重点建设高校。', 'https://www.edu.cn', '010-12345678'),
(50, '中央财经大学', 1, '北京市', '本科', FALSE, TRUE, TRUE, '财经类', '本科一批', '中国优秀211高校', '中央财经大学是国家211工程、双一流重点建设高校。', 'https://www.edu.cn', '010-12345678'),
(51, '华北电力大学', 1, '北京市', '本科', FALSE, TRUE, TRUE, '理工类', '本科一批', '中国优秀211高校', '华北电力大学是国家211工程、双一流重点建设高校。', 'https://www.edu.cn', '010-12345678'),
(52, '中国矿业大学（北京）', 1, '北京市', '本科', FALSE, TRUE, TRUE, '理工类', '本科一批', '中国优秀211高校', '中国矿业大学（北京）是国家211工程、双一流重点建设高校。', 'https://www.edu.cn', '010-12345678'),
(53, '中国石油大学（北京）', 1, '北京市', '本科', FALSE, TRUE, TRUE, '理工类', '本科一批', '中国优秀211高校', '中国石油大学（北京）是国家211工程、双一流重点建设高校。', 'https://www.edu.cn', '010-12345678'),
(54, '中国地质大学（北京）', 1, '北京市', '本科', FALSE, TRUE, TRUE, '理工类', '本科一批', '中国优秀211高校', '中国地质大学（北京）是国家211工程、双一流重点建设高校。', 'https://www.edu.cn', '010-12345678'),
(55, '北京体育大学', 1, '北京市', '本科', FALSE, TRUE, TRUE, '体育类', '本科一批', '中国优秀211高校', '北京体育大学是国家211工程、双一流重点建设高校。', 'https://www.edu.cn', '010-12345678'),
(56, '北京外国语大学', 1, '北京市', '本科', FALSE, TRUE, TRUE, '语言类', '本科一批', '中国优秀211高校', '北京外国语大学是国家211工程、双一流重点建设高校。', 'https://www.edu.cn', '010-12345678'),
(57, '北京中医药大学', 1, '北京市', '本科', FALSE, TRUE, TRUE, '医药类', '本科一批', '中国优秀211高校', '北京中医药大学是国家211工程、双一流重点建设高校。', 'https://www.edu.cn', '010-12345678'),
(58, '天津医科大学', 2, '天津市', '本科', FALSE, TRUE, TRUE, '医药类', '本科一批', '中国优秀211高校', '天津医科大学是国家211工程、双一流重点建设高校。', 'https://www.edu.cn', '010-12345678'),
(59, '河北工业大学', 1, '北京市', '本科', FALSE, TRUE, TRUE, '理工类', '本科一批', '中国优秀211高校', '河北工业大学是国家211工程、双一流重点建设高校。', 'https://www.edu.cn', '010-12345678'),
(60, '太原理工大学', 4, '太原市', '本科', FALSE, TRUE, TRUE, '理工类', '本科一批', '中国优秀211高校', '太原理工大学是国家211工程、双一流重点建设高校。', 'https://www.edu.cn', '010-12345678'),
(61, '内蒙古大学', 5, '呼和浩特市', '本科', FALSE, TRUE, TRUE, '综合类', '本科一批', '中国优秀211高校', '内蒙古大学是国家211工程、双一流重点建设高校。', 'https://www.edu.cn', '010-12345678'),
(62, '辽宁大学', 6, '沈阳市', '本科', FALSE, TRUE, TRUE, '综合类', '本科一批', '中国优秀211高校', '辽宁大学是国家211工程、双一流重点建设高校。', 'https://www.edu.cn', '010-12345678'),
(63, '大连海事大学', 6, '大连市', '本科', FALSE, TRUE, TRUE, '理工类', '本科一批', '中国优秀211高校', '大连海事大学是国家211工程、双一流重点建设高校。', 'https://www.edu.cn', '010-12345678'),
(64, '延边大学', 7, '延吉市', '本科', FALSE, TRUE, TRUE, '综合类', '本科一批', '中国优秀211高校', '延边大学是国家211工程、双一流重点建设高校。', 'https://www.edu.cn', '010-12345678'),
(65, '东北师范大学', 9, '上海市', '本科', FALSE, TRUE, TRUE, '师范类', '本科一批', '中国优秀211高校', '东北师范大学是国家211工程、双一流重点建设高校。', 'https://www.edu.cn', '010-12345678'),
(66, '哈尔滨工程大学', 8, '哈尔滨市', '本科', FALSE, TRUE, TRUE, '理工类', '本科一批', '中国优秀211高校', '哈尔滨工程大学是国家211工程、双一流重点建设高校。', 'https://www.edu.cn', '010-12345678'),
(67, '东北林业大学', 8, '哈尔滨市', '本科', FALSE, TRUE, TRUE, '农林类', '本科一批', '中国优秀211高校', '东北林业大学是国家211工程、双一流重点建设高校。', 'https://www.edu.cn', '010-12345678'),
(68, '东北农业大学', 8, '哈尔滨市', '本科', FALSE, TRUE, TRUE, '农林类', '本科一批', '中国优秀211高校', '东北农业大学是国家211工程、双一流重点建设高校。', 'https://www.edu.cn', '010-12345678'),
(69, '华东理工大学', 9, '上海市', '本科', FALSE, TRUE, TRUE, '理工类', '本科一批', '中国优秀211高校', '华东理工大学是国家211工程、双一流重点建设高校。', 'https://www.edu.cn', '010-12345678'),
(70, '东华大学', 9, '上海市', '本科', FALSE, TRUE, TRUE, '理工类', '本科一批', '中国优秀211高校', '东华大学是国家211工程、双一流重点建设高校。', 'https://www.edu.cn', '010-12345678'),
(71, '上海财经大学', 9, '上海市', '本科', FALSE, TRUE, TRUE, '财经类', '本科一批', '中国优秀211高校', '上海财经大学是国家211工程、双一流重点建设高校。', 'https://www.edu.cn', '010-12345678'),
(72, '上海外国语大学', 9, '上海市', '本科', FALSE, TRUE, TRUE, '语言类', '本科一批', '中国优秀211高校', '上海外国语大学是国家211工程、双一流重点建设高校。', 'https://www.edu.cn', '010-12345678'),
(73, '上海大学', 9, '上海市', '本科', FALSE, TRUE, TRUE, '综合类', '本科一批', '中国优秀211高校', '上海大学是国家211工程、双一流重点建设高校。', 'https://www.edu.cn', '010-12345678'),
(74, '苏州大学', 10, '南京市', '本科', FALSE, TRUE, TRUE, '综合类', '本科一批', '中国优秀211高校', '苏州大学是国家211工程、双一流重点建设高校。', 'https://www.edu.cn', '010-12345678'),
(75, '南京航空航天大学', 10, '南京市', '本科', FALSE, TRUE, TRUE, '理工类', '本科一批', '中国优秀211高校', '南京航空航天大学是国家211工程、双一流重点建设高校。', 'https://www.edu.cn', '010-12345678'),
(76, '南京理工大学', 10, '南京市', '本科', FALSE, TRUE, TRUE, '理工类', '本科一批', '中国优秀211高校', '南京理工大学是国家211工程、双一流重点建设高校。', 'https://www.edu.cn', '010-12345678'),
(77, '中国矿业大学', 10, '徐州市', '本科', FALSE, TRUE, TRUE, '理工类', '本科一批', '中国优秀211高校', '中国矿业大学是国家211工程、双一流重点建设高校。', 'https://www.edu.cn', '010-12345678'),
(78, '河海大学', 10, '南京市', '本科', FALSE, TRUE, TRUE, '理工类', '本科一批', '中国优秀211高校', '河海大学是国家211工程、双一流重点建设高校。', 'https://www.edu.cn', '010-12345678'),
(79, '江南大学', 10, '南京市', '本科', FALSE, TRUE, TRUE, '理工类', '本科一批', '中国优秀211高校', '江南大学是国家211工程、双一流重点建设高校。', 'https://www.edu.cn', '010-12345678'),
(80, '南京农业大学', 10, '南京市', '本科', FALSE, TRUE, TRUE, '农林类', '本科一批', '中国优秀211高校', '南京农业大学是国家211工程、双一流重点建设高校。', 'https://www.edu.cn', '010-12345678'),
(81, '中国药科大学', 10, '南京市', '本科', FALSE, TRUE, TRUE, '医药类', '本科一批', '中国优秀211高校', '中国药科大学是国家211工程、双一流重点建设高校。', 'https://www.edu.cn', '010-12345678'),
(82, '南京师范大学', 10, '南京市', '本科', FALSE, TRUE, TRUE, '师范类', '本科一批', '中国优秀211高校', '南京师范大学是国家211工程、双一流重点建设高校。', 'https://www.edu.cn', '010-12345678'),
(83, '安徽大学', 12, '合肥市', '本科', FALSE, TRUE, TRUE, '综合类', '本科一批', '中国优秀211高校', '安徽大学是国家211工程、双一流重点建设高校。', 'https://www.edu.cn', '010-12345678'),
(84, '合肥工业大学', 12, '合肥市', '本科', FALSE, TRUE, TRUE, '理工类', '本科一批', '中国优秀211高校', '合肥工业大学是国家211工程、双一流重点建设高校。', 'https://www.edu.cn', '010-12345678'),
(85, '福州大学', 13, '福州市', '本科', FALSE, TRUE, TRUE, '综合类', '本科一批', '中国优秀211高校', '福州大学是国家211工程、双一流重点建设高校。', 'https://www.edu.cn', '010-12345678'),
(86, '南昌大学', 14, '南昌市', '本科', FALSE, TRUE, TRUE, '综合类', '本科一批', '中国优秀211高校', '南昌大学是国家211工程、双一流重点建设高校。', 'https://www.edu.cn', '010-12345678'),
(87, '中国石油大学（华东）', 15, '青岛市', '本科', FALSE, TRUE, TRUE, '理工类', '本科一批', '中国优秀211高校', '中国石油大学（华东）是国家211工程、双一流重点建设高校。', 'https://www.edu.cn', '010-12345678'),
(88, '郑州大学', 16, '郑州市', '本科', FALSE, TRUE, TRUE, '综合类', '本科一批', '中国优秀211高校', '郑州大学是国家211工程、双一流重点建设高校。', 'https://www.edu.cn', '010-12345678'),
(89, '中国地质大学（武汉）', 17, '武汉市', '本科', FALSE, TRUE, TRUE, '理工类', '本科一批', '中国优秀211高校', '中国地质大学（武汉）是国家211工程、双一流重点建设高校。', 'https://www.edu.cn', '010-12345678'),
(90, '武汉理工大学', 17, '武汉市', '本科', FALSE, TRUE, TRUE, '理工类', '本科一批', '中国优秀211高校', '武汉理工大学是国家211工程、双一流重点建设高校。', 'https://www.edu.cn', '010-12345678'),
(91, '华中农业大学', 17, '武汉市', '本科', FALSE, TRUE, TRUE, '农林类', '本科一批', '中国优秀211高校', '华中农业大学是国家211工程、双一流重点建设高校。', 'https://www.edu.cn', '010-12345678'),
(92, '华中师范大学', 17, '武汉市', '本科', FALSE, TRUE, TRUE, '师范类', '本科一批', '中国优秀211高校', '华中师范大学是国家211工程、双一流重点建设高校。', 'https://www.edu.cn', '010-12345678'),
(93, '中南财经政法大学', 17, '武汉市', '本科', FALSE, TRUE, TRUE, '财经类', '本科一批', '中国优秀211高校', '中南财经政法大学是国家211工程、双一流重点建设高校。', 'https://www.edu.cn', '010-12345678'),
(94, '湖南师范大学', 18, '长沙市', '本科', FALSE, TRUE, TRUE, '师范类', '本科一批', '中国优秀211高校', '湖南师范大学是国家211工程、双一流重点建设高校。', 'https://www.edu.cn', '010-12345678'),
(95, '暨南大学', 19, '广州市', '本科', FALSE, TRUE, TRUE, '综合类', '本科一批', '中国优秀211高校', '暨南大学是国家211工程、双一流重点建设高校。', 'https://www.edu.cn', '010-12345678'),
(96, '华南师范大学', 19, '广州市', '本科', FALSE, TRUE, TRUE, '师范类', '本科一批', '中国优秀211高校', '华南师范大学是国家211工程、双一流重点建设高校。', 'https://www.edu.cn', '010-12345678'),
(97, '广西大学', 20, '南宁市', '本科', FALSE, TRUE, TRUE, '综合类', '本科一批', '中国优秀211高校', '广西大学是国家211工程、双一流重点建设高校。', 'https://www.edu.cn', '010-12345678'),
(98, '海南大学', 21, '海口市', '本科', FALSE, TRUE, TRUE, '综合类', '本科一批', '中国优秀211高校', '海南大学是国家211工程、双一流重点建设高校。', 'https://www.edu.cn', '010-12345678'),
(99, '西南大学', 18, '重庆市', '本科', FALSE, TRUE, TRUE, '综合类', '本科一批', '中国优秀211高校', '西南大学是国家211工程、双一流重点建设高校。', 'https://www.edu.cn', '010-12345678'),
(100, '西南交通大学', 23, '成都市', '本科', FALSE, TRUE, TRUE, '理工类', '本科一批', '中国优秀211高校', '西南交通大学是国家211工程、双一流重点建设高校。', 'https://www.edu.cn', '010-12345678'),
(101, '四川农业大学', 23, '成都市', '本科', FALSE, TRUE, TRUE, '农林类', '本科一批', '中国优秀211高校', '四川农业大学是国家211工程、双一流重点建设高校。', 'https://www.edu.cn', '010-12345678'),
(102, '西南财经大学', 17, '成都市', '本科', FALSE, TRUE, TRUE, '财经类', '本科一批', '中国优秀211高校', '西南财经大学是国家211工程、双一流重点建设高校。', 'https://www.edu.cn', '010-12345678'),
(103, '贵州大学', 24, '贵阳市', '本科', FALSE, TRUE, TRUE, '综合类', '本科一批', '中国优秀211高校', '贵州大学是国家211工程、双一流重点建设高校。', 'https://www.edu.cn', '010-12345678'),
(104, '云南大学', 25, '昆明市', '本科', FALSE, TRUE, TRUE, '综合类', '本科一批', '中国优秀211高校', '云南大学是国家211工程、双一流重点建设高校。', 'https://www.edu.cn', '010-12345678'),
(105, '西藏大学', 26, '拉萨市', '本科', FALSE, TRUE, TRUE, '综合类', '本科一批', '中国优秀211高校', '西藏大学是国家211工程、双一流重点建设高校。', 'https://www.edu.cn', '010-12345678'),
(106, '西北大学', 27, '西安市', '本科', FALSE, TRUE, TRUE, '综合类', '本科一批', '中国优秀211高校', '西北大学是国家211工程、双一流重点建设高校。', 'https://www.edu.cn', '010-12345678'),
(107, '西安电子科技大学', 27, '西安市', '本科', FALSE, TRUE, TRUE, '理工类', '本科一批', '中国优秀211高校', '西安电子科技大学是国家211工程、双一流重点建设高校。', 'https://www.edu.cn', '010-12345678'),
(108, '长安大学', 27, '西安市', '本科', FALSE, TRUE, TRUE, '理工类', '本科一批', '中国优秀211高校', '长安大学是国家211工程、双一流重点建设高校。', 'https://www.edu.cn', '010-12345678'),
(109, '陕西师范大学', 27, '西安市', '本科', FALSE, TRUE, TRUE, '师范类', '本科一批', '中国优秀211高校', '陕西师范大学是国家211工程、双一流重点建设高校。', 'https://www.edu.cn', '010-12345678'),
(110, '青海大学', 29, '西宁市', '本科', FALSE, TRUE, TRUE, '综合类', '本科一批', '中国优秀211高校', '青海大学是国家211工程、双一流重点建设高校。', 'https://www.edu.cn', '010-12345678'),
(111, '宁夏大学', 30, '银川市', '本科', FALSE, TRUE, TRUE, '综合类', '本科一批', '中国优秀211高校', '宁夏大学是国家211工程、双一流重点建设高校。', 'https://www.edu.cn', '010-12345678'),
(112, '新疆大学', 31, '乌鲁木齐市', '本科', FALSE, TRUE, TRUE, '综合类', '本科一批', '中国优秀211高校', '新疆大学是国家211工程、双一流重点建设高校。', 'https://www.edu.cn', '010-12345678'),
(113, '石河子大学', 31, '石河子市', '本科', FALSE, TRUE, TRUE, '综合类', '本科一批', '中国优秀211高校', '石河子大学是国家211工程、双一流重点建设高校。', 'https://www.edu.cn', '010-12345678');

-- 插入非985的211高校专业数据
INSERT INTO majors (id, school_id, name, description) VALUES 
(196, 40, '计算机科学与技术', '北京交通大学的优势专业，重点学科。'),
(197, 40, '软件工程', '北京交通大学的优势专业，重点学科。'),
(198, 40, '通信工程', '北京交通大学的优势专业，重点学科。'),
(199, 40, '电气工程及其自动化', '北京交通大学的优势专业，重点学科。'),
(200, 40, '机械设计制造及其自动化', '北京交通大学的优势专业，重点学科。'),
(201, 41, '计算机科学与技术', '北京工业大学的优势专业，重点学科。'),
(202, 41, '软件工程', '北京工业大学的优势专业，重点学科。'),
(203, 41, '通信工程', '北京工业大学的优势专业，重点学科。'),
(204, 41, '电气工程及其自动化', '北京工业大学的优势专业，重点学科。'),
(205, 41, '机械设计制造及其自动化', '北京工业大学的优势专业，重点学科。'),
(206, 42, '计算机科学与技术', '北京科技大学的优势专业，重点学科。'),
(207, 42, '软件工程', '北京科技大学的优势专业，重点学科。'),
(208, 42, '通信工程', '北京科技大学的优势专业，重点学科。'),
(209, 42, '电气工程及其自动化', '北京科技大学的优势专业，重点学科。'),
(210, 42, '机械设计制造及其自动化', '北京科技大学的优势专业，重点学科。'),
(211, 43, '计算机科学与技术', '北京化工大学的优势专业，重点学科。'),
(212, 43, '软件工程', '北京化工大学的优势专业，重点学科。'),
(213, 43, '通信工程', '北京化工大学的优势专业，重点学科。'),
(214, 43, '电气工程及其自动化', '北京化工大学的优势专业，重点学科。'),
(215, 43, '机械设计制造及其自动化', '北京化工大学的优势专业，重点学科。'),
(216, 44, '计算机科学与技术', '北京邮电大学的优势专业，重点学科。'),
(217, 44, '软件工程', '北京邮电大学的优势专业，重点学科。'),
(218, 44, '通信工程', '北京邮电大学的优势专业，重点学科。'),
(219, 44, '电气工程及其自动化', '北京邮电大学的优势专业，重点学科。'),
(220, 44, '机械设计制造及其自动化', '北京邮电大学的优势专业，重点学科。'),
(221, 45, '农学', '北京林业大学的优势专业，重点学科。'),
(222, 45, '林学', '北京林业大学的优势专业，重点学科。'),
(223, 45, '植物保护', '北京林业大学的优势专业，重点学科。'),
(224, 45, '园林', '北京林业大学的优势专业，重点学科。'),
(225, 45, '动物科学', '北京林业大学的优势专业，重点学科。'),
(226, 46, '汉语言文学', '中国传媒大学的优势专业，重点学科。'),
(227, 46, '法学', '中国传媒大学的优势专业，重点学科。'),
(228, 46, '经济学', '中国传媒大学的优势专业，重点学科。'),
(229, 46, '工商管理', '中国传媒大学的优势专业，重点学科。'),
(230, 46, '英语', '中国传媒大学的优势专业，重点学科。'),
(231, 47, '音乐表演', '中央音乐学院的优势专业，重点学科。'),
(232, 47, '舞蹈表演', '中央音乐学院的优势专业，重点学科。'),
(233, 47, '美术学', '中央音乐学院的优势专业，重点学科。'),
(234, 47, '播音与主持艺术', '中央音乐学院的优势专业，重点学科。'),
(235, 47, '广播电视编导', '中央音乐学院的优势专业，重点学科。'),
(236, 48, '金融学', '对外经济贸易大学的优势专业，重点学科。'),
(237, 48, '会计学', '对外经济贸易大学的优势专业，重点学科。'),
(238, 48, '财政学', '对外经济贸易大学的优势专业，重点学科。'),
(239, 48, '经济学', '对外经济贸易大学的优势专业，重点学科。'),
(240, 48, '国际经济与贸易', '对外经济贸易大学的优势专业，重点学科。'),
(241, 49, '法学', '中国政法大学的优势专业，重点学科。'),
(242, 49, '政治学与行政学', '中国政法大学的优势专业，重点学科。'),
(243, 49, '社会学', '中国政法大学的优势专业，重点学科。'),
(244, 49, '治安学', '中国政法大学的优势专业，重点学科。'),
(245, 49, '侦查学', '中国政法大学的优势专业，重点学科。'),
(246, 50, '金融学', '中央财经大学的优势专业，重点学科。'),
(247, 50, '会计学', '中央财经大学的优势专业，重点学科。'),
(248, 50, '财政学', '中央财经大学的优势专业，重点学科。'),
(249, 50, '经济学', '中央财经大学的优势专业，重点学科。'),
(250, 50, '国际经济与贸易', '中央财经大学的优势专业，重点学科。'),
(251, 51, '计算机科学与技术', '华北电力大学的优势专业，重点学科。'),
(252, 51, '软件工程', '华北电力大学的优势专业，重点学科。'),
(253, 51, '通信工程', '华北电力大学的优势专业，重点学科。'),
(254, 51, '电气工程及其自动化', '华北电力大学的优势专业，重点学科。'),
(255, 51, '机械设计制造及其自动化', '华北电力大学的优势专业，重点学科。'),
(256, 52, '计算机科学与技术', '中国矿业大学（北京）的优势专业，重点学科。'),
(257, 52, '软件工程', '中国矿业大学（北京）的优势专业，重点学科。'),
(258, 52, '通信工程', '中国矿业大学（北京）的优势专业，重点学科。'),
(259, 52, '电气工程及其自动化', '中国矿业大学（北京）的优势专业，重点学科。'),
(260, 52, '机械设计制造及其自动化', '中国矿业大学（北京）的优势专业，重点学科。'),
(261, 53, '计算机科学与技术', '中国石油大学（北京）的优势专业，重点学科。'),
(262, 53, '软件工程', '中国石油大学（北京）的优势专业，重点学科。'),
(263, 53, '通信工程', '中国石油大学（北京）的优势专业，重点学科。'),
(264, 53, '电气工程及其自动化', '中国石油大学（北京）的优势专业，重点学科。'),
(265, 53, '机械设计制造及其自动化', '中国石油大学（北京）的优势专业，重点学科。'),
(266, 54, '计算机科学与技术', '中国地质大学（北京）的优势专业，重点学科。'),
(267, 54, '软件工程', '中国地质大学（北京）的优势专业，重点学科。'),
(268, 54, '通信工程', '中国地质大学（北京）的优势专业，重点学科。'),
(269, 54, '电气工程及其自动化', '中国地质大学（北京）的优势专业，重点学科。'),
(270, 54, '机械设计制造及其自动化', '中国地质大学（北京）的优势专业，重点学科。'),
(271, 55, '体育教育', '北京体育大学的优势专业，重点学科。'),
(272, 55, '运动训练', '北京体育大学的优势专业，重点学科。'),
(273, 55, '社会体育指导与管理', '北京体育大学的优势专业，重点学科。'),
(274, 55, '武术与民族传统体育', '北京体育大学的优势专业，重点学科。'),
(275, 55, '运动人体科学', '北京体育大学的优势专业，重点学科。'),
(276, 56, '英语', '北京外国语大学的优势专业，重点学科。'),
(277, 56, '翻译', '北京外国语大学的优势专业，重点学科。'),
(278, 56, '商务英语', '北京外国语大学的优势专业，重点学科。'),
(279, 56, '日语', '北京外国语大学的优势专业，重点学科。'),
(280, 56, '俄语', '北京外国语大学的优势专业，重点学科。'),
(281, 57, '临床医学', '北京中医药大学的优势专业，重点学科。'),
(282, 57, '口腔医学', '北京中医药大学的优势专业，重点学科。'),
(283, 57, '药学', '北京中医药大学的优势专业，重点学科。'),
(284, 57, '中医学', '北京中医药大学的优势专业，重点学科。'),
(285, 57, '预防医学', '北京中医药大学的优势专业，重点学科。'),
(286, 58, '临床医学', '天津医科大学的优势专业，重点学科。'),
(287, 58, '口腔医学', '天津医科大学的优势专业，重点学科。'),
(288, 58, '药学', '天津医科大学的优势专业，重点学科。'),
(289, 58, '中医学', '天津医科大学的优势专业，重点学科。'),
(290, 58, '预防医学', '天津医科大学的优势专业，重点学科。'),
(291, 59, '计算机科学与技术', '河北工业大学的优势专业，重点学科。'),
(292, 59, '软件工程', '河北工业大学的优势专业，重点学科。'),
(293, 59, '通信工程', '河北工业大学的优势专业，重点学科。'),
(294, 59, '电气工程及其自动化', '河北工业大学的优势专业，重点学科。'),
(295, 59, '机械设计制造及其自动化', '河北工业大学的优势专业，重点学科。'),
(296, 60, '计算机科学与技术', '太原理工大学的优势专业，重点学科。'),
(297, 60, '软件工程', '太原理工大学的优势专业，重点学科。'),
(298, 60, '通信工程', '太原理工大学的优势专业，重点学科。'),
(299, 60, '电气工程及其自动化', '太原理工大学的优势专业，重点学科。'),
(300, 60, '机械设计制造及其自动化', '太原理工大学的优势专业，重点学科。'),
(301, 61, '汉语言文学', '内蒙古大学的优势专业，重点学科。'),
(302, 61, '法学', '内蒙古大学的优势专业，重点学科。'),
(303, 61, '经济学', '内蒙古大学的优势专业，重点学科。'),
(304, 61, '工商管理', '内蒙古大学的优势专业，重点学科。'),
(305, 61, '英语', '内蒙古大学的优势专业，重点学科。'),
(306, 62, '汉语言文学', '辽宁大学的优势专业，重点学科。'),
(307, 62, '法学', '辽宁大学的优势专业，重点学科。'),
(308, 62, '经济学', '辽宁大学的优势专业，重点学科。'),
(309, 62, '工商管理', '辽宁大学的优势专业，重点学科。'),
(310, 62, '英语', '辽宁大学的优势专业，重点学科。'),
(311, 63, '计算机科学与技术', '大连海事大学的优势专业，重点学科。'),
(312, 63, '软件工程', '大连海事大学的优势专业，重点学科。'),
(313, 63, '通信工程', '大连海事大学的优势专业，重点学科。'),
(314, 63, '电气工程及其自动化', '大连海事大学的优势专业，重点学科。'),
(315, 63, '机械设计制造及其自动化', '大连海事大学的优势专业，重点学科。'),
(316, 64, '汉语言文学', '延边大学的优势专业，重点学科。'),
(317, 64, '法学', '延边大学的优势专业，重点学科。'),
(318, 64, '经济学', '延边大学的优势专业，重点学科。'),
(319, 64, '工商管理', '延边大学的优势专业，重点学科。'),
(320, 64, '英语', '延边大学的优势专业，重点学科。'),
(321, 65, '汉语言文学', '东北师范大学的优势专业，重点学科。'),
(322, 65, '数学与应用数学', '东北师范大学的优势专业，重点学科。'),
(323, 65, '英语', '东北师范大学的优势专业，重点学科。'),
(324, 65, '物理学', '东北师范大学的优势专业，重点学科。'),
(325, 65, '小学教育', '东北师范大学的优势专业，重点学科。'),
(326, 66, '计算机科学与技术', '哈尔滨工程大学的优势专业，重点学科。'),
(327, 66, '软件工程', '哈尔滨工程大学的优势专业，重点学科。'),
(328, 66, '通信工程', '哈尔滨工程大学的优势专业，重点学科。'),
(329, 66, '电气工程及其自动化', '哈尔滨工程大学的优势专业，重点学科。'),
(330, 66, '机械设计制造及其自动化', '哈尔滨工程大学的优势专业，重点学科。'),
(331, 67, '农学', '东北林业大学的优势专业，重点学科。'),
(332, 67, '林学', '东北林业大学的优势专业，重点学科。'),
(333, 67, '植物保护', '东北林业大学的优势专业，重点学科。'),
(334, 67, '园林', '东北林业大学的优势专业，重点学科。'),
(335, 67, '动物科学', '东北林业大学的优势专业，重点学科。'),
(336, 68, '农学', '东北农业大学的优势专业，重点学科。'),
(337, 68, '林学', '东北农业大学的优势专业，重点学科。'),
(338, 68, '植物保护', '东北农业大学的优势专业，重点学科。'),
(339, 68, '园林', '东北农业大学的优势专业，重点学科。'),
(340, 68, '动物科学', '东北农业大学的优势专业，重点学科。'),
(341, 69, '计算机科学与技术', '华东理工大学的优势专业，重点学科。'),
(342, 69, '软件工程', '华东理工大学的优势专业，重点学科。'),
(343, 69, '通信工程', '华东理工大学的优势专业，重点学科。'),
(344, 69, '电气工程及其自动化', '华东理工大学的优势专业，重点学科。'),
(345, 69, '机械设计制造及其自动化', '华东理工大学的优势专业，重点学科。'),
(346, 70, '计算机科学与技术', '东华大学的优势专业，重点学科。'),
(347, 70, '软件工程', '东华大学的优势专业，重点学科。'),
(348, 70, '通信工程', '东华大学的优势专业，重点学科。'),
(349, 70, '电气工程及其自动化', '东华大学的优势专业，重点学科。'),
(350, 70, '机械设计制造及其自动化', '东华大学的优势专业，重点学科。'),
(351, 71, '金融学', '上海财经大学的优势专业，重点学科。'),
(352, 71, '会计学', '上海财经大学的优势专业，重点学科。'),
(353, 71, '财政学', '上海财经大学的优势专业，重点学科。'),
(354, 71, '经济学', '上海财经大学的优势专业，重点学科。'),
(355, 71, '国际经济与贸易', '上海财经大学的优势专业，重点学科。'),
(356, 72, '英语', '上海外国语大学的优势专业，重点学科。'),
(357, 72, '翻译', '上海外国语大学的优势专业，重点学科。'),
(358, 72, '商务英语', '上海外国语大学的优势专业，重点学科。'),
(359, 72, '日语', '上海外国语大学的优势专业，重点学科。'),
(360, 72, '俄语', '上海外国语大学的优势专业，重点学科。'),
(361, 73, '汉语言文学', '上海大学的优势专业，重点学科。'),
(362, 73, '法学', '上海大学的优势专业，重点学科。'),
(363, 73, '经济学', '上海大学的优势专业，重点学科。'),
(364, 73, '工商管理', '上海大学的优势专业，重点学科。'),
(365, 73, '英语', '上海大学的优势专业，重点学科。'),
(366, 74, '汉语言文学', '苏州大学的优势专业，重点学科。'),
(367, 74, '法学', '苏州大学的优势专业，重点学科。'),
(368, 74, '经济学', '苏州大学的优势专业，重点学科。'),
(369, 74, '工商管理', '苏州大学的优势专业，重点学科。'),
(370, 74, '英语', '苏州大学的优势专业，重点学科。'),
(371, 75, '计算机科学与技术', '南京航空航天大学的优势专业，重点学科。'),
(372, 75, '软件工程', '南京航空航天大学的优势专业，重点学科。'),
(373, 75, '通信工程', '南京航空航天大学的优势专业，重点学科。'),
(374, 75, '电气工程及其自动化', '南京航空航天大学的优势专业，重点学科。'),
(375, 75, '机械设计制造及其自动化', '南京航空航天大学的优势专业，重点学科。'),
(376, 76, '计算机科学与技术', '南京理工大学的优势专业，重点学科。'),
(377, 76, '软件工程', '南京理工大学的优势专业，重点学科。'),
(378, 76, '通信工程', '南京理工大学的优势专业，重点学科。'),
(379, 76, '电气工程及其自动化', '南京理工大学的优势专业，重点学科。'),
(380, 76, '机械设计制造及其自动化', '南京理工大学的优势专业，重点学科。'),
(381, 77, '计算机科学与技术', '中国矿业大学的优势专业，重点学科。'),
(382, 77, '软件工程', '中国矿业大学的优势专业，重点学科。'),
(383, 77, '通信工程', '中国矿业大学的优势专业，重点学科。'),
(384, 77, '电气工程及其自动化', '中国矿业大学的优势专业，重点学科。'),
(385, 77, '机械设计制造及其自动化', '中国矿业大学的优势专业，重点学科。'),
(386, 78, '计算机科学与技术', '河海大学的优势专业，重点学科。'),
(387, 78, '软件工程', '河海大学的优势专业，重点学科。'),
(388, 78, '通信工程', '河海大学的优势专业，重点学科。'),
(389, 78, '电气工程及其自动化', '河海大学的优势专业，重点学科。'),
(390, 78, '机械设计制造及其自动化', '河海大学的优势专业，重点学科。'),
(391, 79, '计算机科学与技术', '江南大学的优势专业，重点学科。'),
(392, 79, '软件工程', '江南大学的优势专业，重点学科。'),
(393, 79, '通信工程', '江南大学的优势专业，重点学科。'),
(394, 79, '电气工程及其自动化', '江南大学的优势专业，重点学科。'),
(395, 79, '机械设计制造及其自动化', '江南大学的优势专业，重点学科。'),
(396, 80, '农学', '南京农业大学的优势专业，重点学科。'),
(397, 80, '林学', '南京农业大学的优势专业，重点学科。'),
(398, 80, '植物保护', '南京农业大学的优势专业，重点学科。'),
(399, 80, '园林', '南京农业大学的优势专业，重点学科。'),
(400, 80, '动物科学', '南京农业大学的优势专业，重点学科。'),
(401, 81, '临床医学', '中国药科大学的优势专业，重点学科。'),
(402, 81, '口腔医学', '中国药科大学的优势专业，重点学科。'),
(403, 81, '药学', '中国药科大学的优势专业，重点学科。'),
(404, 81, '中医学', '中国药科大学的优势专业，重点学科。'),
(405, 81, '预防医学', '中国药科大学的优势专业，重点学科。'),
(406, 82, '汉语言文学', '南京师范大学的优势专业，重点学科。'),
(407, 82, '数学与应用数学', '南京师范大学的优势专业，重点学科。'),
(408, 82, '英语', '南京师范大学的优势专业，重点学科。'),
(409, 82, '物理学', '南京师范大学的优势专业，重点学科。'),
(410, 82, '小学教育', '南京师范大学的优势专业，重点学科。'),
(411, 83, '汉语言文学', '安徽大学的优势专业，重点学科。'),
(412, 83, '法学', '安徽大学的优势专业，重点学科。'),
(413, 83, '经济学', '安徽大学的优势专业，重点学科。'),
(414, 83, '工商管理', '安徽大学的优势专业，重点学科。'),
(415, 83, '英语', '安徽大学的优势专业，重点学科。'),
(416, 84, '计算机科学与技术', '合肥工业大学的优势专业，重点学科。'),
(417, 84, '软件工程', '合肥工业大学的优势专业，重点学科。'),
(418, 84, '通信工程', '合肥工业大学的优势专业，重点学科。'),
(419, 84, '电气工程及其自动化', '合肥工业大学的优势专业，重点学科。'),
(420, 84, '机械设计制造及其自动化', '合肥工业大学的优势专业，重点学科。'),
(421, 85, '汉语言文学', '福州大学的优势专业，重点学科。'),
(422, 85, '法学', '福州大学的优势专业，重点学科。'),
(423, 85, '经济学', '福州大学的优势专业，重点学科。'),
(424, 85, '工商管理', '福州大学的优势专业，重点学科。'),
(425, 85, '英语', '福州大学的优势专业，重点学科。'),
(426, 86, '汉语言文学', '南昌大学的优势专业，重点学科。'),
(427, 86, '法学', '南昌大学的优势专业，重点学科。'),
(428, 86, '经济学', '南昌大学的优势专业，重点学科。'),
(429, 86, '工商管理', '南昌大学的优势专业，重点学科。'),
(430, 86, '英语', '南昌大学的优势专业，重点学科。'),
(431, 87, '计算机科学与技术', '中国石油大学（华东）的优势专业，重点学科。'),
(432, 87, '软件工程', '中国石油大学（华东）的优势专业，重点学科。'),
(433, 87, '通信工程', '中国石油大学（华东）的优势专业，重点学科。'),
(434, 87, '电气工程及其自动化', '中国石油大学（华东）的优势专业，重点学科。'),
(435, 87, '机械设计制造及其自动化', '中国石油大学（华东）的优势专业，重点学科。'),
(436, 88, '汉语言文学', '郑州大学的优势专业，重点学科。'),
(437, 88, '法学', '郑州大学的优势专业，重点学科。'),
(438, 88, '经济学', '郑州大学的优势专业，重点学科。'),
(439, 88, '工商管理', '郑州大学的优势专业，重点学科。'),
(440, 88, '英语', '郑州大学的优势专业，重点学科。'),
(441, 89, '计算机科学与技术', '中国地质大学（武汉）的优势专业，重点学科。'),
(442, 89, '软件工程', '中国地质大学（武汉）的优势专业，重点学科。'),
(443, 89, '通信工程', '中国地质大学（武汉）的优势专业，重点学科。'),
(444, 89, '电气工程及其自动化', '中国地质大学（武汉）的优势专业，重点学科。'),
(445, 89, '机械设计制造及其自动化', '中国地质大学（武汉）的优势专业，重点学科。'),
(446, 90, '计算机科学与技术', '武汉理工大学的优势专业，重点学科。'),
(447, 90, '软件工程', '武汉理工大学的优势专业，重点学科。'),
(448, 90, '通信工程', '武汉理工大学的优势专业，重点学科。'),
(449, 90, '电气工程及其自动化', '武汉理工大学的优势专业，重点学科。'),
(450, 90, '机械设计制造及其自动化', '武汉理工大学的优势专业，重点学科。'),
(451, 91, '农学', '华中农业大学的优势专业，重点学科。'),
(452, 91, '林学', '华中农业大学的优势专业，重点学科。'),
(453, 91, '植物保护', '华中农业大学的优势专业，重点学科。'),
(454, 91, '园林', '华中农业大学的优势专业，重点学科。'),
(455, 91, '动物科学', '华中农业大学的优势专业，重点学科。'),
(456, 92, '汉语言文学', '华中师范大学的优势专业，重点学科。'),
(457, 92, '数学与应用数学', '华中师范大学的优势专业，重点学科。'),
(458, 92, '英语', '华中师范大学的优势专业，重点学科。'),
(459, 92, '物理学', '华中师范大学的优势专业，重点学科。'),
(460, 92, '小学教育', '华中师范大学的优势专业，重点学科。'),
(461, 93, '金融学', '中南财经政法大学的优势专业，重点学科。'),
(462, 93, '会计学', '中南财经政法大学的优势专业，重点学科。'),
(463, 93, '财政学', '中南财经政法大学的优势专业，重点学科。'),
(464, 93, '经济学', '中南财经政法大学的优势专业，重点学科。'),
(465, 93, '国际经济与贸易', '中南财经政法大学的优势专业，重点学科。'),
(466, 94, '汉语言文学', '湖南师范大学的优势专业，重点学科。'),
(467, 94, '数学与应用数学', '湖南师范大学的优势专业，重点学科。'),
(468, 94, '英语', '湖南师范大学的优势专业，重点学科。'),
(469, 94, '物理学', '湖南师范大学的优势专业，重点学科。'),
(470, 94, '小学教育', '湖南师范大学的优势专业，重点学科。'),
(471, 95, '汉语言文学', '暨南大学的优势专业，重点学科。'),
(472, 95, '法学', '暨南大学的优势专业，重点学科。'),
(473, 95, '经济学', '暨南大学的优势专业，重点学科。'),
(474, 95, '工商管理', '暨南大学的优势专业，重点学科。'),
(475, 95, '英语', '暨南大学的优势专业，重点学科。'),
(476, 96, '汉语言文学', '华南师范大学的优势专业，重点学科。'),
(477, 96, '数学与应用数学', '华南师范大学的优势专业，重点学科。'),
(478, 96, '英语', '华南师范大学的优势专业，重点学科。'),
(479, 96, '物理学', '华南师范大学的优势专业，重点学科。'),
(480, 96, '小学教育', '华南师范大学的优势专业，重点学科。'),
(481, 97, '汉语言文学', '广西大学的优势专业，重点学科。'),
(482, 97, '法学', '广西大学的优势专业，重点学科。'),
(483, 97, '经济学', '广西大学的优势专业，重点学科。'),
(484, 97, '工商管理', '广西大学的优势专业，重点学科。'),
(485, 97, '英语', '广西大学的优势专业，重点学科。'),
(486, 98, '汉语言文学', '海南大学的优势专业，重点学科。'),
(487, 98, '法学', '海南大学的优势专业，重点学科。'),
(488, 98, '经济学', '海南大学的优势专业，重点学科。'),
(489, 98, '工商管理', '海南大学的优势专业，重点学科。'),
(490, 98, '英语', '海南大学的优势专业，重点学科。'),
(491, 99, '汉语言文学', '西南大学的优势专业，重点学科。'),
(492, 99, '法学', '西南大学的优势专业，重点学科。'),
(493, 99, '经济学', '西南大学的优势专业，重点学科。'),
(494, 99, '工商管理', '西南大学的优势专业，重点学科。'),
(495, 99, '英语', '西南大学的优势专业，重点学科。'),
(496, 100, '计算机科学与技术', '西南交通大学的优势专业，重点学科。'),
(497, 100, '软件工程', '西南交通大学的优势专业，重点学科。'),
(498, 100, '通信工程', '西南交通大学的优势专业，重点学科。'),
(499, 100, '电气工程及其自动化', '西南交通大学的优势专业，重点学科。'),
(500, 100, '机械设计制造及其自动化', '西南交通大学的优势专业，重点学科。'),
(501, 101, '农学', '四川农业大学的优势专业，重点学科。'),
(502, 101, '林学', '四川农业大学的优势专业，重点学科。'),
(503, 101, '植物保护', '四川农业大学的优势专业，重点学科。'),
(504, 101, '园林', '四川农业大学的优势专业，重点学科。'),
(505, 101, '动物科学', '四川农业大学的优势专业，重点学科。'),
(506, 102, '金融学', '西南财经大学的优势专业，重点学科。'),
(507, 102, '会计学', '西南财经大学的优势专业，重点学科。'),
(508, 102, '财政学', '西南财经大学的优势专业，重点学科。'),
(509, 102, '经济学', '西南财经大学的优势专业，重点学科。'),
(510, 102, '国际经济与贸易', '西南财经大学的优势专业，重点学科。'),
(511, 103, '汉语言文学', '贵州大学的优势专业，重点学科。'),
(512, 103, '法学', '贵州大学的优势专业，重点学科。'),
(513, 103, '经济学', '贵州大学的优势专业，重点学科。'),
(514, 103, '工商管理', '贵州大学的优势专业，重点学科。'),
(515, 103, '英语', '贵州大学的优势专业，重点学科。'),
(516, 104, '汉语言文学', '云南大学的优势专业，重点学科。'),
(517, 104, '法学', '云南大学的优势专业，重点学科。'),
(518, 104, '经济学', '云南大学的优势专业，重点学科。'),
(519, 104, '工商管理', '云南大学的优势专业，重点学科。'),
(520, 104, '英语', '云南大学的优势专业，重点学科。'),
(521, 105, '汉语言文学', '西藏大学的优势专业，重点学科。'),
(522, 105, '法学', '西藏大学的优势专业，重点学科。'),
(523, 105, '经济学', '西藏大学的优势专业，重点学科。'),
(524, 105, '工商管理', '西藏大学的优势专业，重点学科。'),
(525, 105, '英语', '西藏大学的优势专业，重点学科。'),
(526, 106, '汉语言文学', '西北大学的优势专业，重点学科。'),
(527, 106, '法学', '西北大学的优势专业，重点学科。'),
(528, 106, '经济学', '西北大学的优势专业，重点学科。'),
(529, 106, '工商管理', '西北大学的优势专业，重点学科。'),
(530, 106, '英语', '西北大学的优势专业，重点学科。'),
(531, 107, '计算机科学与技术', '西安电子科技大学的优势专业，重点学科。'),
(532, 107, '软件工程', '西安电子科技大学的优势专业，重点学科。'),
(533, 107, '通信工程', '西安电子科技大学的优势专业，重点学科。'),
(534, 107, '电气工程及其自动化', '西安电子科技大学的优势专业，重点学科。'),
(535, 107, '机械设计制造及其自动化', '西安电子科技大学的优势专业，重点学科。'),
(536, 108, '计算机科学与技术', '长安大学的优势专业，重点学科。'),
(537, 108, '软件工程', '长安大学的优势专业，重点学科。'),
(538, 108, '通信工程', '长安大学的优势专业，重点学科。'),
(539, 108, '电气工程及其自动化', '长安大学的优势专业，重点学科。'),
(540, 108, '机械设计制造及其自动化', '长安大学的优势专业，重点学科。'),
(541, 109, '汉语言文学', '陕西师范大学的优势专业，重点学科。'),
(542, 109, '数学与应用数学', '陕西师范大学的优势专业，重点学科。'),
(543, 109, '英语', '陕西师范大学的优势专业，重点学科。'),
(544, 109, '物理学', '陕西师范大学的优势专业，重点学科。'),
(545, 109, '小学教育', '陕西师范大学的优势专业，重点学科。'),
(546, 110, '汉语言文学', '青海大学的优势专业，重点学科。'),
(547, 110, '法学', '青海大学的优势专业，重点学科。'),
(548, 110, '经济学', '青海大学的优势专业，重点学科。'),
(549, 110, '工商管理', '青海大学的优势专业，重点学科。'),
(550, 110, '英语', '青海大学的优势专业，重点学科。'),
(551, 111, '汉语言文学', '宁夏大学的优势专业，重点学科。'),
(552, 111, '法学', '宁夏大学的优势专业，重点学科。'),
(553, 111, '经济学', '宁夏大学的优势专业，重点学科。'),
(554, 111, '工商管理', '宁夏大学的优势专业，重点学科。'),
(555, 111, '英语', '宁夏大学的优势专业，重点学科。'),
(556, 112, '汉语言文学', '新疆大学的优势专业，重点学科。'),
(557, 112, '法学', '新疆大学的优势专业，重点学科。'),
(558, 112, '经济学', '新疆大学的优势专业，重点学科。'),
(559, 112, '工商管理', '新疆大学的优势专业，重点学科。'),
(560, 112, '英语', '新疆大学的优势专业，重点学科。'),
(561, 113, '汉语言文学', '石河子大学的优势专业，重点学科。'),
(562, 113, '法学', '石河子大学的优势专业，重点学科。'),
(563, 113, '经济学', '石河子大学的优势专业，重点学科。'),
(564, 113, '工商管理', '石河子大学的优势专业，重点学科。'),
(565, 113, '英语', '石河子大学的优势专业，重点学科。');

-- 插入 2024, 2025 历年分数线数据 (示例省份 北京=1, 广东=19, 浙江=11)
INSERT INTO major_scores (school_id, major_id, province_id, year, lowest_score, admission_count, batch, type) VALUES 
(40, 196, 1, 2024, 589, 39, '本科一批', '物理类'),
(40, 196, 1, 2025, 609, 21, '本科一批', '物理类'),
(40, 196, 19, 2024, 605, 32, '本科一批', '物理类'),
(40, 196, 19, 2025, 607, 42, '本科一批', '物理类'),
(40, 196, 11, 2024, 587, 44, '本科一批', '综合'),
(40, 196, 11, 2025, 587, 15, '本科一批', '综合'),
(40, 197, 1, 2024, 609, 26, '本科一批', '物理类'),
(40, 197, 1, 2025, 583, 23, '本科一批', '物理类'),
(40, 197, 19, 2024, 601, 24, '本科一批', '物理类'),
(40, 197, 19, 2025, 599, 23, '本科一批', '物理类'),
(40, 197, 11, 2024, 591, 19, '本科一批', '综合'),
(40, 197, 11, 2025, 592, 32, '本科一批', '综合'),
(40, 198, 1, 2024, 603, 50, '本科一批', '物理类'),
(40, 198, 1, 2025, 606, 23, '本科一批', '物理类'),
(40, 198, 19, 2024, 605, 39, '本科一批', '物理类'),
(40, 198, 19, 2025, 615, 27, '本科一批', '物理类'),
(40, 198, 11, 2024, 604, 20, '本科一批', '综合'),
(40, 198, 11, 2025, 620, 17, '本科一批', '综合'),
(40, 199, 1, 2024, 591, 10, '本科一批', '物理类'),
(40, 199, 1, 2025, 618, 35, '本科一批', '物理类'),
(40, 199, 19, 2024, 589, 46, '本科一批', '物理类'),
(40, 199, 19, 2025, 590, 22, '本科一批', '物理类'),
(40, 199, 11, 2024, 590, 11, '本科一批', '综合'),
(40, 199, 11, 2025, 595, 38, '本科一批', '综合'),
(40, 200, 1, 2024, 620, 34, '本科一批', '物理类'),
(40, 200, 1, 2025, 588, 49, '本科一批', '物理类'),
(40, 200, 19, 2024, 615, 13, '本科一批', '物理类'),
(40, 200, 19, 2025, 618, 25, '本科一批', '物理类'),
(40, 200, 11, 2024, 619, 42, '本科一批', '综合'),
(40, 200, 11, 2025, 598, 47, '本科一批', '综合'),
(41, 201, 1, 2024, 601, 43, '本科一批', '物理类'),
(41, 201, 1, 2025, 601, 44, '本科一批', '物理类'),
(41, 201, 19, 2024, 603, 40, '本科一批', '物理类'),
(41, 201, 19, 2025, 605, 13, '本科一批', '物理类'),
(41, 201, 11, 2024, 586, 29, '本科一批', '综合'),
(41, 201, 11, 2025, 607, 26, '本科一批', '综合'),
(41, 202, 1, 2024, 595, 37, '本科一批', '物理类'),
(41, 202, 1, 2025, 612, 41, '本科一批', '物理类'),
(41, 202, 19, 2024, 617, 26, '本科一批', '物理类'),
(41, 202, 19, 2025, 589, 13, '本科一批', '物理类'),
(41, 202, 11, 2024, 617, 30, '本科一批', '综合'),
(41, 202, 11, 2025, 590, 13, '本科一批', '综合'),
(41, 203, 1, 2024, 597, 17, '本科一批', '物理类'),
(41, 203, 1, 2025, 583, 48, '本科一批', '物理类'),
(41, 203, 19, 2024, 594, 29, '本科一批', '物理类'),
(41, 203, 19, 2025, 613, 49, '本科一批', '物理类'),
(41, 203, 11, 2024, 593, 46, '本科一批', '综合'),
(41, 203, 11, 2025, 602, 31, '本科一批', '综合'),
(41, 204, 1, 2024, 609, 10, '本科一批', '物理类'),
(41, 204, 1, 2025, 587, 40, '本科一批', '物理类'),
(41, 204, 19, 2024, 592, 43, '本科一批', '物理类'),
(41, 204, 19, 2025, 587, 48, '本科一批', '物理类'),
(41, 204, 11, 2024, 593, 12, '本科一批', '综合'),
(41, 204, 11, 2025, 604, 16, '本科一批', '综合'),
(41, 205, 1, 2024, 605, 19, '本科一批', '物理类'),
(41, 205, 1, 2025, 619, 40, '本科一批', '物理类'),
(41, 205, 19, 2024, 614, 12, '本科一批', '物理类'),
(41, 205, 19, 2025, 608, 20, '本科一批', '物理类'),
(41, 205, 11, 2024, 583, 40, '本科一批', '综合'),
(41, 205, 11, 2025, 583, 22, '本科一批', '综合'),
(42, 206, 1, 2024, 595, 20, '本科一批', '物理类'),
(42, 206, 1, 2025, 586, 12, '本科一批', '物理类'),
(42, 206, 19, 2024, 588, 23, '本科一批', '物理类'),
(42, 206, 19, 2025, 585, 17, '本科一批', '物理类'),
(42, 206, 11, 2024, 596, 14, '本科一批', '综合'),
(42, 206, 11, 2025, 605, 12, '本科一批', '综合'),
(42, 207, 1, 2024, 614, 37, '本科一批', '物理类'),
(42, 207, 1, 2025, 610, 38, '本科一批', '物理类'),
(42, 207, 19, 2024, 601, 39, '本科一批', '物理类'),
(42, 207, 19, 2025, 613, 22, '本科一批', '物理类'),
(42, 207, 11, 2024, 618, 47, '本科一批', '综合'),
(42, 207, 11, 2025, 596, 36, '本科一批', '综合'),
(42, 208, 1, 2024, 589, 23, '本科一批', '物理类'),
(42, 208, 1, 2025, 606, 14, '本科一批', '物理类'),
(42, 208, 19, 2024, 618, 27, '本科一批', '物理类'),
(42, 208, 19, 2025, 605, 26, '本科一批', '物理类'),
(42, 208, 11, 2024, 586, 22, '本科一批', '综合'),
(42, 208, 11, 2025, 594, 13, '本科一批', '综合'),
(42, 209, 1, 2024, 604, 27, '本科一批', '物理类'),
(42, 209, 1, 2025, 580, 27, '本科一批', '物理类'),
(42, 209, 19, 2024, 599, 12, '本科一批', '物理类'),
(42, 209, 19, 2025, 581, 45, '本科一批', '物理类'),
(42, 209, 11, 2024, 598, 24, '本科一批', '综合'),
(42, 209, 11, 2025, 605, 10, '本科一批', '综合'),
(42, 210, 1, 2024, 585, 24, '本科一批', '物理类'),
(42, 210, 1, 2025, 599, 50, '本科一批', '物理类'),
(42, 210, 19, 2024, 581, 15, '本科一批', '物理类'),
(42, 210, 19, 2025, 617, 32, '本科一批', '物理类'),
(42, 210, 11, 2024, 600, 38, '本科一批', '综合'),
(42, 210, 11, 2025, 582, 21, '本科一批', '综合'),
(43, 211, 1, 2024, 585, 11, '本科一批', '物理类'),
(43, 211, 1, 2025, 619, 32, '本科一批', '物理类'),
(43, 211, 19, 2024, 615, 19, '本科一批', '物理类'),
(43, 211, 19, 2025, 590, 10, '本科一批', '物理类'),
(43, 211, 11, 2024, 580, 30, '本科一批', '综合'),
(43, 211, 11, 2025, 612, 35, '本科一批', '综合'),
(43, 212, 1, 2024, 591, 34, '本科一批', '物理类'),
(43, 212, 1, 2025, 604, 38, '本科一批', '物理类'),
(43, 212, 19, 2024, 592, 23, '本科一批', '物理类'),
(43, 212, 19, 2025, 590, 48, '本科一批', '物理类'),
(43, 212, 11, 2024, 616, 45, '本科一批', '综合'),
(43, 212, 11, 2025, 597, 14, '本科一批', '综合'),
(43, 213, 1, 2024, 620, 39, '本科一批', '物理类'),
(43, 213, 1, 2025, 620, 18, '本科一批', '物理类'),
(43, 213, 19, 2024, 607, 47, '本科一批', '物理类'),
(43, 213, 19, 2025, 617, 42, '本科一批', '物理类'),
(43, 213, 11, 2024, 587, 29, '本科一批', '综合'),
(43, 213, 11, 2025, 588, 17, '本科一批', '综合'),
(43, 214, 1, 2024, 617, 49, '本科一批', '物理类'),
(43, 214, 1, 2025, 594, 13, '本科一批', '物理类'),
(43, 214, 19, 2024, 605, 39, '本科一批', '物理类'),
(43, 214, 19, 2025, 607, 32, '本科一批', '物理类'),
(43, 214, 11, 2024, 585, 14, '本科一批', '综合'),
(43, 214, 11, 2025, 582, 38, '本科一批', '综合'),
(43, 215, 1, 2024, 606, 11, '本科一批', '物理类'),
(43, 215, 1, 2025, 616, 19, '本科一批', '物理类'),
(43, 215, 19, 2024, 610, 16, '本科一批', '物理类'),
(43, 215, 19, 2025, 585, 28, '本科一批', '物理类'),
(43, 215, 11, 2024, 620, 16, '本科一批', '综合'),
(43, 215, 11, 2025, 615, 46, '本科一批', '综合'),
(44, 216, 1, 2024, 589, 18, '本科一批', '物理类'),
(44, 216, 1, 2025, 615, 47, '本科一批', '物理类'),
(44, 216, 19, 2024, 589, 20, '本科一批', '物理类'),
(44, 216, 19, 2025, 602, 46, '本科一批', '物理类'),
(44, 216, 11, 2024, 604, 16, '本科一批', '综合'),
(44, 216, 11, 2025, 611, 30, '本科一批', '综合'),
(44, 217, 1, 2024, 587, 40, '本科一批', '物理类'),
(44, 217, 1, 2025, 598, 24, '本科一批', '物理类'),
(44, 217, 19, 2024, 602, 24, '本科一批', '物理类'),
(44, 217, 19, 2025, 582, 10, '本科一批', '物理类'),
(44, 217, 11, 2024, 594, 42, '本科一批', '综合'),
(44, 217, 11, 2025, 587, 45, '本科一批', '综合'),
(44, 218, 1, 2024, 585, 18, '本科一批', '物理类'),
(44, 218, 1, 2025, 610, 50, '本科一批', '物理类'),
(44, 218, 19, 2024, 583, 40, '本科一批', '物理类'),
(44, 218, 19, 2025, 602, 42, '本科一批', '物理类'),
(44, 218, 11, 2024, 610, 23, '本科一批', '综合'),
(44, 218, 11, 2025, 611, 13, '本科一批', '综合'),
(44, 219, 1, 2024, 612, 47, '本科一批', '物理类'),
(44, 219, 1, 2025, 596, 11, '本科一批', '物理类'),
(44, 219, 19, 2024, 618, 43, '本科一批', '物理类'),
(44, 219, 19, 2025, 613, 16, '本科一批', '物理类'),
(44, 219, 11, 2024, 591, 12, '本科一批', '综合'),
(44, 219, 11, 2025, 617, 24, '本科一批', '综合'),
(44, 220, 1, 2024, 609, 10, '本科一批', '物理类'),
(44, 220, 1, 2025, 587, 24, '本科一批', '物理类'),
(44, 220, 19, 2024, 603, 30, '本科一批', '物理类'),
(44, 220, 19, 2025, 587, 50, '本科一批', '物理类'),
(44, 220, 11, 2024, 599, 16, '本科一批', '综合'),
(44, 220, 11, 2025, 599, 29, '本科一批', '综合'),
(45, 221, 1, 2024, 608, 49, '本科一批', '物理类'),
(45, 221, 1, 2025, 592, 30, '本科一批', '物理类'),
(45, 221, 19, 2024, 585, 20, '本科一批', '物理类'),
(45, 221, 19, 2025, 601, 48, '本科一批', '物理类'),
(45, 221, 11, 2024, 619, 19, '本科一批', '综合'),
(45, 221, 11, 2025, 592, 37, '本科一批', '综合'),
(45, 222, 1, 2024, 585, 15, '本科一批', '物理类'),
(45, 222, 1, 2025, 600, 48, '本科一批', '物理类'),
(45, 222, 19, 2024, 593, 30, '本科一批', '物理类'),
(45, 222, 19, 2025, 597, 19, '本科一批', '物理类'),
(45, 222, 11, 2024, 587, 38, '本科一批', '综合'),
(45, 222, 11, 2025, 581, 23, '本科一批', '综合'),
(45, 223, 1, 2024, 613, 20, '本科一批', '物理类'),
(45, 223, 1, 2025, 610, 48, '本科一批', '物理类'),
(45, 223, 19, 2024, 582, 44, '本科一批', '物理类'),
(45, 223, 19, 2025, 608, 32, '本科一批', '物理类'),
(45, 223, 11, 2024, 580, 15, '本科一批', '综合'),
(45, 223, 11, 2025, 611, 13, '本科一批', '综合'),
(45, 224, 1, 2024, 607, 34, '本科一批', '物理类'),
(45, 224, 1, 2025, 589, 22, '本科一批', '物理类'),
(45, 224, 19, 2024, 607, 21, '本科一批', '物理类'),
(45, 224, 19, 2025, 593, 27, '本科一批', '物理类'),
(45, 224, 11, 2024, 596, 23, '本科一批', '综合'),
(45, 224, 11, 2025, 598, 35, '本科一批', '综合'),
(45, 225, 1, 2024, 605, 26, '本科一批', '物理类'),
(45, 225, 1, 2025, 601, 11, '本科一批', '物理类'),
(45, 225, 19, 2024, 597, 25, '本科一批', '物理类'),
(45, 225, 19, 2025, 613, 21, '本科一批', '物理类'),
(45, 225, 11, 2024, 583, 36, '本科一批', '综合'),
(45, 225, 11, 2025, 585, 32, '本科一批', '综合'),
(46, 226, 1, 2024, 587, 20, '本科一批', '历史类'),
(46, 226, 1, 2025, 603, 23, '本科一批', '物理类'),
(46, 226, 19, 2024, 605, 11, '本科一批', '历史类'),
(46, 226, 19, 2025, 601, 12, '本科一批', '历史类'),
(46, 226, 11, 2024, 611, 48, '本科一批', '综合'),
(46, 226, 11, 2025, 584, 32, '本科一批', '综合'),
(46, 227, 1, 2024, 596, 47, '本科一批', '历史类'),
(46, 227, 1, 2025, 616, 49, '本科一批', '历史类'),
(46, 227, 19, 2024, 614, 35, '本科一批', '历史类'),
(46, 227, 19, 2025, 600, 20, '本科一批', '物理类'),
(46, 227, 11, 2024, 591, 31, '本科一批', '综合'),
(46, 227, 11, 2025, 605, 49, '本科一批', '综合'),
(46, 228, 1, 2024, 595, 41, '本科一批', '物理类'),
(46, 228, 1, 2025, 613, 23, '本科一批', '物理类'),
(46, 228, 19, 2024, 584, 25, '本科一批', '物理类'),
(46, 228, 19, 2025, 581, 49, '本科一批', '历史类'),
(46, 228, 11, 2024, 610, 24, '本科一批', '综合'),
(46, 228, 11, 2025, 606, 12, '本科一批', '综合'),
(46, 229, 1, 2024, 610, 32, '本科一批', '历史类'),
(46, 229, 1, 2025, 584, 42, '本科一批', '历史类'),
(46, 229, 19, 2024, 619, 20, '本科一批', '历史类'),
(46, 229, 19, 2025, 599, 24, '本科一批', '历史类'),
(46, 229, 11, 2024, 607, 12, '本科一批', '综合'),
(46, 229, 11, 2025, 597, 15, '本科一批', '综合'),
(46, 230, 1, 2024, 597, 50, '本科一批', '历史类'),
(46, 230, 1, 2025, 610, 44, '本科一批', '历史类'),
(46, 230, 19, 2024, 620, 45, '本科一批', '物理类'),
(46, 230, 19, 2025, 611, 50, '本科一批', '历史类'),
(46, 230, 11, 2024, 591, 15, '本科一批', '综合'),
(46, 230, 11, 2025, 611, 49, '本科一批', '综合'),
(47, 231, 1, 2024, 613, 15, '本科一批', '历史类'),
(47, 231, 1, 2025, 619, 19, '本科一批', '历史类'),
(47, 231, 19, 2024, 612, 12, '本科一批', '历史类'),
(47, 231, 19, 2025, 601, 36, '本科一批', '物理类'),
(47, 231, 11, 2024, 616, 37, '本科一批', '综合'),
(47, 231, 11, 2025, 618, 15, '本科一批', '综合'),
(47, 232, 1, 2024, 603, 10, '本科一批', '历史类'),
(47, 232, 1, 2025, 607, 10, '本科一批', '历史类'),
(47, 232, 19, 2024, 618, 28, '本科一批', '物理类'),
(47, 232, 19, 2025, 608, 41, '本科一批', '物理类'),
(47, 232, 11, 2024, 610, 19, '本科一批', '综合'),
(47, 232, 11, 2025, 598, 34, '本科一批', '综合'),
(47, 233, 1, 2024, 581, 35, '本科一批', '物理类'),
(47, 233, 1, 2025, 620, 46, '本科一批', '物理类'),
(47, 233, 19, 2024, 589, 25, '本科一批', '历史类'),
(47, 233, 19, 2025, 591, 36, '本科一批', '历史类'),
(47, 233, 11, 2024, 598, 43, '本科一批', '综合'),
(47, 233, 11, 2025, 604, 34, '本科一批', '综合'),
(47, 234, 1, 2024, 587, 45, '本科一批', '物理类'),
(47, 234, 1, 2025, 582, 42, '本科一批', '物理类'),
(47, 234, 19, 2024, 581, 42, '本科一批', '历史类'),
(47, 234, 19, 2025, 604, 34, '本科一批', '物理类'),
(47, 234, 11, 2024, 581, 17, '本科一批', '综合'),
(47, 234, 11, 2025, 594, 34, '本科一批', '综合'),
(47, 235, 1, 2024, 599, 43, '本科一批', '物理类'),
(47, 235, 1, 2025, 619, 40, '本科一批', '历史类'),
(47, 235, 19, 2024, 602, 32, '本科一批', '历史类'),
(47, 235, 19, 2025, 597, 14, '本科一批', '历史类'),
(47, 235, 11, 2024, 594, 34, '本科一批', '综合'),
(47, 235, 11, 2025, 598, 44, '本科一批', '综合'),
(48, 236, 1, 2024, 620, 33, '本科一批', '历史类'),
(48, 236, 1, 2025, 606, 26, '本科一批', '历史类'),
(48, 236, 19, 2024, 588, 41, '本科一批', '历史类'),
(48, 236, 19, 2025, 598, 10, '本科一批', '物理类'),
(48, 236, 11, 2024, 605, 17, '本科一批', '综合'),
(48, 236, 11, 2025, 593, 20, '本科一批', '综合'),
(48, 237, 1, 2024, 583, 12, '本科一批', '物理类'),
(48, 237, 1, 2025, 613, 38, '本科一批', '历史类'),
(48, 237, 19, 2024, 581, 32, '本科一批', '物理类'),
(48, 237, 19, 2025, 601, 25, '本科一批', '历史类'),
(48, 237, 11, 2024, 613, 49, '本科一批', '综合'),
(48, 237, 11, 2025, 600, 30, '本科一批', '综合'),
(48, 238, 1, 2024, 596, 16, '本科一批', '物理类'),
(48, 238, 1, 2025, 599, 38, '本科一批', '物理类'),
(48, 238, 19, 2024, 594, 25, '本科一批', '历史类'),
(48, 238, 19, 2025, 589, 35, '本科一批', '历史类'),
(48, 238, 11, 2024, 609, 19, '本科一批', '综合'),
(48, 238, 11, 2025, 602, 21, '本科一批', '综合'),
(48, 239, 1, 2024, 619, 24, '本科一批', '历史类'),
(48, 239, 1, 2025, 598, 41, '本科一批', '历史类'),
(48, 239, 19, 2024, 615, 50, '本科一批', '历史类'),
(48, 239, 19, 2025, 617, 31, '本科一批', '物理类'),
(48, 239, 11, 2024, 604, 49, '本科一批', '综合'),
(48, 239, 11, 2025, 615, 37, '本科一批', '综合'),
(48, 240, 1, 2024, 598, 43, '本科一批', '历史类'),
(48, 240, 1, 2025, 581, 43, '本科一批', '历史类'),
(48, 240, 19, 2024, 589, 31, '本科一批', '历史类'),
(48, 240, 19, 2025, 602, 33, '本科一批', '历史类'),
(48, 240, 11, 2024, 587, 47, '本科一批', '综合'),
(48, 240, 11, 2025, 588, 17, '本科一批', '综合'),
(49, 241, 1, 2024, 609, 19, '本科一批', '物理类'),
(49, 241, 1, 2025, 590, 13, '本科一批', '历史类'),
(49, 241, 19, 2024, 609, 50, '本科一批', '历史类'),
(49, 241, 19, 2025, 584, 35, '本科一批', '物理类'),
(49, 241, 11, 2024, 601, 41, '本科一批', '综合'),
(49, 241, 11, 2025, 609, 47, '本科一批', '综合'),
(49, 242, 1, 2024, 615, 46, '本科一批', '物理类'),
(49, 242, 1, 2025, 616, 19, '本科一批', '物理类'),
(49, 242, 19, 2024, 581, 39, '本科一批', '物理类'),
(49, 242, 19, 2025, 600, 11, '本科一批', '物理类'),
(49, 242, 11, 2024, 614, 45, '本科一批', '综合'),
(49, 242, 11, 2025, 613, 16, '本科一批', '综合'),
(49, 243, 1, 2024, 602, 37, '本科一批', '物理类'),
(49, 243, 1, 2025, 598, 10, '本科一批', '历史类'),
(49, 243, 19, 2024, 581, 39, '本科一批', '物理类'),
(49, 243, 19, 2025, 583, 36, '本科一批', '物理类'),
(49, 243, 11, 2024, 614, 50, '本科一批', '综合'),
(49, 243, 11, 2025, 596, 41, '本科一批', '综合'),
(49, 244, 1, 2024, 583, 39, '本科一批', '历史类'),
(49, 244, 1, 2025, 619, 26, '本科一批', '物理类'),
(49, 244, 19, 2024, 604, 12, '本科一批', '历史类'),
(49, 244, 19, 2025, 616, 10, '本科一批', '物理类'),
(49, 244, 11, 2024, 597, 21, '本科一批', '综合'),
(49, 244, 11, 2025, 580, 21, '本科一批', '综合'),
(49, 245, 1, 2024, 590, 46, '本科一批', '物理类'),
(49, 245, 1, 2025, 599, 24, '本科一批', '物理类'),
(49, 245, 19, 2024, 589, 50, '本科一批', '物理类'),
(49, 245, 19, 2025, 615, 31, '本科一批', '物理类'),
(49, 245, 11, 2024, 617, 47, '本科一批', '综合'),
(49, 245, 11, 2025, 619, 22, '本科一批', '综合'),
(50, 246, 1, 2024, 605, 47, '本科一批', '历史类'),
(50, 246, 1, 2025, 583, 32, '本科一批', '历史类'),
(50, 246, 19, 2024, 582, 42, '本科一批', '历史类'),
(50, 246, 19, 2025, 594, 31, '本科一批', '历史类'),
(50, 246, 11, 2024, 615, 20, '本科一批', '综合'),
(50, 246, 11, 2025, 615, 39, '本科一批', '综合'),
(50, 247, 1, 2024, 587, 10, '本科一批', '物理类'),
(50, 247, 1, 2025, 601, 43, '本科一批', '历史类'),
(50, 247, 19, 2024, 615, 43, '本科一批', '物理类'),
(50, 247, 19, 2025, 609, 13, '本科一批', '物理类'),
(50, 247, 11, 2024, 586, 46, '本科一批', '综合'),
(50, 247, 11, 2025, 603, 45, '本科一批', '综合'),
(50, 248, 1, 2024, 599, 43, '本科一批', '历史类'),
(50, 248, 1, 2025, 592, 50, '本科一批', '物理类'),
(50, 248, 19, 2024, 603, 24, '本科一批', '物理类'),
(50, 248, 19, 2025, 608, 16, '本科一批', '物理类'),
(50, 248, 11, 2024, 609, 50, '本科一批', '综合'),
(50, 248, 11, 2025, 611, 20, '本科一批', '综合'),
(50, 249, 1, 2024, 609, 38, '本科一批', '历史类'),
(50, 249, 1, 2025, 611, 47, '本科一批', '历史类'),
(50, 249, 19, 2024, 611, 14, '本科一批', '历史类'),
(50, 249, 19, 2025, 603, 34, '本科一批', '物理类'),
(50, 249, 11, 2024, 586, 44, '本科一批', '综合'),
(50, 249, 11, 2025, 584, 43, '本科一批', '综合'),
(50, 250, 1, 2024, 601, 22, '本科一批', '物理类'),
(50, 250, 1, 2025, 618, 35, '本科一批', '历史类'),
(50, 250, 19, 2024, 620, 43, '本科一批', '物理类'),
(50, 250, 19, 2025, 596, 32, '本科一批', '历史类'),
(50, 250, 11, 2024, 585, 15, '本科一批', '综合'),
(50, 250, 11, 2025, 600, 21, '本科一批', '综合'),
(51, 251, 1, 2024, 580, 46, '本科一批', '物理类'),
(51, 251, 1, 2025, 611, 27, '本科一批', '物理类'),
(51, 251, 19, 2024, 586, 38, '本科一批', '物理类'),
(51, 251, 19, 2025, 581, 50, '本科一批', '物理类'),
(51, 251, 11, 2024, 604, 22, '本科一批', '综合'),
(51, 251, 11, 2025, 614, 14, '本科一批', '综合'),
(51, 252, 1, 2024, 620, 28, '本科一批', '物理类'),
(51, 252, 1, 2025, 589, 48, '本科一批', '物理类'),
(51, 252, 19, 2024, 586, 48, '本科一批', '物理类'),
(51, 252, 19, 2025, 608, 49, '本科一批', '物理类'),
(51, 252, 11, 2024, 595, 10, '本科一批', '综合'),
(51, 252, 11, 2025, 615, 50, '本科一批', '综合'),
(51, 253, 1, 2024, 586, 47, '本科一批', '物理类'),
(51, 253, 1, 2025, 600, 48, '本科一批', '物理类'),
(51, 253, 19, 2024, 580, 37, '本科一批', '物理类'),
(51, 253, 19, 2025, 591, 28, '本科一批', '物理类'),
(51, 253, 11, 2024, 595, 47, '本科一批', '综合'),
(51, 253, 11, 2025, 582, 27, '本科一批', '综合'),
(51, 254, 1, 2024, 604, 30, '本科一批', '物理类'),
(51, 254, 1, 2025, 581, 21, '本科一批', '物理类'),
(51, 254, 19, 2024, 598, 32, '本科一批', '物理类'),
(51, 254, 19, 2025, 598, 46, '本科一批', '物理类'),
(51, 254, 11, 2024, 596, 41, '本科一批', '综合'),
(51, 254, 11, 2025, 605, 33, '本科一批', '综合'),
(51, 255, 1, 2024, 588, 42, '本科一批', '物理类'),
(51, 255, 1, 2025, 585, 25, '本科一批', '物理类'),
(51, 255, 19, 2024, 600, 37, '本科一批', '物理类'),
(51, 255, 19, 2025, 611, 16, '本科一批', '物理类'),
(51, 255, 11, 2024, 580, 21, '本科一批', '综合'),
(51, 255, 11, 2025, 620, 19, '本科一批', '综合'),
(52, 256, 1, 2024, 614, 21, '本科一批', '物理类'),
(52, 256, 1, 2025, 584, 12, '本科一批', '物理类'),
(52, 256, 19, 2024, 595, 16, '本科一批', '物理类'),
(52, 256, 19, 2025, 619, 35, '本科一批', '物理类'),
(52, 256, 11, 2024, 613, 40, '本科一批', '综合'),
(52, 256, 11, 2025, 618, 45, '本科一批', '综合'),
(52, 257, 1, 2024, 598, 41, '本科一批', '物理类'),
(52, 257, 1, 2025, 588, 34, '本科一批', '物理类'),
(52, 257, 19, 2024, 605, 43, '本科一批', '物理类'),
(52, 257, 19, 2025, 586, 50, '本科一批', '物理类'),
(52, 257, 11, 2024, 581, 23, '本科一批', '综合'),
(52, 257, 11, 2025, 599, 36, '本科一批', '综合'),
(52, 258, 1, 2024, 590, 14, '本科一批', '物理类'),
(52, 258, 1, 2025, 603, 34, '本科一批', '物理类'),
(52, 258, 19, 2024, 592, 25, '本科一批', '物理类'),
(52, 258, 19, 2025, 601, 20, '本科一批', '物理类'),
(52, 258, 11, 2024, 618, 22, '本科一批', '综合'),
(52, 258, 11, 2025, 600, 50, '本科一批', '综合'),
(52, 259, 1, 2024, 599, 20, '本科一批', '物理类'),
(52, 259, 1, 2025, 600, 36, '本科一批', '物理类'),
(52, 259, 19, 2024, 609, 17, '本科一批', '物理类'),
(52, 259, 19, 2025, 608, 41, '本科一批', '物理类'),
(52, 259, 11, 2024, 605, 36, '本科一批', '综合'),
(52, 259, 11, 2025, 590, 22, '本科一批', '综合'),
(52, 260, 1, 2024, 610, 14, '本科一批', '物理类'),
(52, 260, 1, 2025, 602, 23, '本科一批', '物理类'),
(52, 260, 19, 2024, 606, 41, '本科一批', '物理类'),
(52, 260, 19, 2025, 611, 18, '本科一批', '物理类'),
(52, 260, 11, 2024, 617, 13, '本科一批', '综合'),
(52, 260, 11, 2025, 614, 44, '本科一批', '综合'),
(53, 261, 1, 2024, 614, 26, '本科一批', '物理类'),
(53, 261, 1, 2025, 613, 49, '本科一批', '物理类'),
(53, 261, 19, 2024, 580, 21, '本科一批', '物理类'),
(53, 261, 19, 2025, 612, 42, '本科一批', '物理类'),
(53, 261, 11, 2024, 618, 43, '本科一批', '综合'),
(53, 261, 11, 2025, 615, 15, '本科一批', '综合'),
(53, 262, 1, 2024, 588, 10, '本科一批', '物理类'),
(53, 262, 1, 2025, 608, 28, '本科一批', '物理类'),
(53, 262, 19, 2024, 608, 47, '本科一批', '物理类'),
(53, 262, 19, 2025, 608, 30, '本科一批', '物理类'),
(53, 262, 11, 2024, 594, 27, '本科一批', '综合'),
(53, 262, 11, 2025, 617, 29, '本科一批', '综合'),
(53, 263, 1, 2024, 596, 19, '本科一批', '物理类'),
(53, 263, 1, 2025, 618, 47, '本科一批', '物理类'),
(53, 263, 19, 2024, 613, 15, '本科一批', '物理类'),
(53, 263, 19, 2025, 595, 16, '本科一批', '物理类'),
(53, 263, 11, 2024, 604, 48, '本科一批', '综合'),
(53, 263, 11, 2025, 589, 17, '本科一批', '综合'),
(53, 264, 1, 2024, 588, 45, '本科一批', '物理类'),
(53, 264, 1, 2025, 609, 21, '本科一批', '物理类'),
(53, 264, 19, 2024, 620, 28, '本科一批', '物理类'),
(53, 264, 19, 2025, 587, 27, '本科一批', '物理类'),
(53, 264, 11, 2024, 598, 13, '本科一批', '综合'),
(53, 264, 11, 2025, 591, 44, '本科一批', '综合'),
(53, 265, 1, 2024, 613, 14, '本科一批', '物理类'),
(53, 265, 1, 2025, 618, 45, '本科一批', '物理类'),
(53, 265, 19, 2024, 594, 45, '本科一批', '物理类'),
(53, 265, 19, 2025, 606, 43, '本科一批', '物理类'),
(53, 265, 11, 2024, 602, 15, '本科一批', '综合'),
(53, 265, 11, 2025, 614, 27, '本科一批', '综合'),
(54, 266, 1, 2024, 595, 45, '本科一批', '物理类'),
(54, 266, 1, 2025, 605, 39, '本科一批', '物理类'),
(54, 266, 19, 2024, 612, 50, '本科一批', '物理类'),
(54, 266, 19, 2025, 616, 41, '本科一批', '物理类'),
(54, 266, 11, 2024, 586, 10, '本科一批', '综合'),
(54, 266, 11, 2025, 590, 10, '本科一批', '综合'),
(54, 267, 1, 2024, 596, 25, '本科一批', '物理类'),
(54, 267, 1, 2025, 595, 11, '本科一批', '物理类'),
(54, 267, 19, 2024, 602, 22, '本科一批', '物理类'),
(54, 267, 19, 2025, 620, 30, '本科一批', '物理类'),
(54, 267, 11, 2024, 587, 13, '本科一批', '综合'),
(54, 267, 11, 2025, 597, 21, '本科一批', '综合'),
(54, 268, 1, 2024, 620, 39, '本科一批', '物理类'),
(54, 268, 1, 2025, 610, 47, '本科一批', '物理类'),
(54, 268, 19, 2024, 595, 29, '本科一批', '物理类'),
(54, 268, 19, 2025, 591, 16, '本科一批', '物理类'),
(54, 268, 11, 2024, 593, 14, '本科一批', '综合'),
(54, 268, 11, 2025, 592, 23, '本科一批', '综合'),
(54, 269, 1, 2024, 599, 20, '本科一批', '物理类'),
(54, 269, 1, 2025, 595, 38, '本科一批', '物理类'),
(54, 269, 19, 2024, 590, 12, '本科一批', '物理类'),
(54, 269, 19, 2025, 619, 15, '本科一批', '物理类'),
(54, 269, 11, 2024, 586, 23, '本科一批', '综合'),
(54, 269, 11, 2025, 610, 36, '本科一批', '综合'),
(54, 270, 1, 2024, 583, 28, '本科一批', '物理类'),
(54, 270, 1, 2025, 615, 22, '本科一批', '物理类'),
(54, 270, 19, 2024, 618, 16, '本科一批', '物理类'),
(54, 270, 19, 2025, 594, 13, '本科一批', '物理类'),
(54, 270, 11, 2024, 610, 12, '本科一批', '综合'),
(54, 270, 11, 2025, 582, 48, '本科一批', '综合'),
(55, 271, 1, 2024, 608, 40, '本科一批', '物理类'),
(55, 271, 1, 2025, 610, 13, '本科一批', '物理类'),
(55, 271, 19, 2024, 590, 45, '本科一批', '物理类'),
(55, 271, 19, 2025, 592, 29, '本科一批', '物理类'),
(55, 271, 11, 2024, 585, 16, '本科一批', '综合'),
(55, 271, 11, 2025, 608, 35, '本科一批', '综合'),
(55, 272, 1, 2024, 615, 24, '本科一批', '物理类'),
(55, 272, 1, 2025, 606, 34, '本科一批', '物理类'),
(55, 272, 19, 2024, 612, 37, '本科一批', '历史类'),
(55, 272, 19, 2025, 594, 13, '本科一批', '历史类'),
(55, 272, 11, 2024, 613, 20, '本科一批', '综合'),
(55, 272, 11, 2025, 612, 23, '本科一批', '综合'),
(55, 273, 1, 2024, 582, 16, '本科一批', '历史类'),
(55, 273, 1, 2025, 597, 23, '本科一批', '物理类'),
(55, 273, 19, 2024, 584, 42, '本科一批', '历史类'),
(55, 273, 19, 2025, 597, 22, '本科一批', '物理类'),
(55, 273, 11, 2024, 598, 23, '本科一批', '综合'),
(55, 273, 11, 2025, 609, 10, '本科一批', '综合'),
(55, 274, 1, 2024, 610, 11, '本科一批', '历史类'),
(55, 274, 1, 2025, 596, 31, '本科一批', '物理类'),
(55, 274, 19, 2024, 606, 37, '本科一批', '物理类'),
(55, 274, 19, 2025, 609, 31, '本科一批', '历史类'),
(55, 274, 11, 2024, 597, 45, '本科一批', '综合'),
(55, 274, 11, 2025, 582, 50, '本科一批', '综合'),
(55, 275, 1, 2024, 599, 34, '本科一批', '历史类'),
(55, 275, 1, 2025, 580, 21, '本科一批', '历史类'),
(55, 275, 19, 2024, 603, 39, '本科一批', '历史类'),
(55, 275, 19, 2025, 589, 38, '本科一批', '物理类'),
(55, 275, 11, 2024, 589, 34, '本科一批', '综合'),
(55, 275, 11, 2025, 588, 26, '本科一批', '综合'),
(56, 276, 1, 2024, 616, 15, '本科一批', '物理类'),
(56, 276, 1, 2025, 616, 12, '本科一批', '物理类'),
(56, 276, 19, 2024, 599, 17, '本科一批', '历史类'),
(56, 276, 19, 2025, 605, 22, '本科一批', '历史类'),
(56, 276, 11, 2024, 595, 12, '本科一批', '综合'),
(56, 276, 11, 2025, 596, 17, '本科一批', '综合'),
(56, 277, 1, 2024, 600, 47, '本科一批', '历史类'),
(56, 277, 1, 2025, 612, 28, '本科一批', '物理类'),
(56, 277, 19, 2024, 616, 49, '本科一批', '物理类'),
(56, 277, 19, 2025, 596, 27, '本科一批', '历史类'),
(56, 277, 11, 2024, 585, 27, '本科一批', '综合'),
(56, 277, 11, 2025, 595, 11, '本科一批', '综合'),
(56, 278, 1, 2024, 583, 31, '本科一批', '物理类'),
(56, 278, 1, 2025, 605, 27, '本科一批', '物理类'),
(56, 278, 19, 2024, 619, 47, '本科一批', '物理类'),
(56, 278, 19, 2025, 583, 43, '本科一批', '物理类'),
(56, 278, 11, 2024, 599, 46, '本科一批', '综合'),
(56, 278, 11, 2025, 617, 28, '本科一批', '综合'),
(56, 279, 1, 2024, 607, 41, '本科一批', '历史类'),
(56, 279, 1, 2025, 596, 29, '本科一批', '物理类'),
(56, 279, 19, 2024, 595, 16, '本科一批', '历史类'),
(56, 279, 19, 2025, 587, 32, '本科一批', '历史类'),
(56, 279, 11, 2024, 585, 13, '本科一批', '综合'),
(56, 279, 11, 2025, 620, 24, '本科一批', '综合'),
(56, 280, 1, 2024, 591, 46, '本科一批', '物理类'),
(56, 280, 1, 2025, 607, 26, '本科一批', '历史类'),
(56, 280, 19, 2024, 581, 13, '本科一批', '物理类'),
(56, 280, 19, 2025, 597, 34, '本科一批', '物理类'),
(56, 280, 11, 2024, 594, 46, '本科一批', '综合'),
(56, 280, 11, 2025, 604, 33, '本科一批', '综合'),
(57, 281, 1, 2024, 616, 17, '本科一批', '物理类'),
(57, 281, 1, 2025, 595, 13, '本科一批', '物理类'),
(57, 281, 19, 2024, 612, 27, '本科一批', '物理类'),
(57, 281, 19, 2025, 617, 48, '本科一批', '物理类'),
(57, 281, 11, 2024, 619, 14, '本科一批', '综合'),
(57, 281, 11, 2025, 585, 24, '本科一批', '综合'),
(57, 282, 1, 2024, 610, 27, '本科一批', '物理类'),
(57, 282, 1, 2025, 605, 41, '本科一批', '物理类'),
(57, 282, 19, 2024, 583, 24, '本科一批', '物理类'),
(57, 282, 19, 2025, 600, 25, '本科一批', '物理类'),
(57, 282, 11, 2024, 597, 30, '本科一批', '综合'),
(57, 282, 11, 2025, 595, 32, '本科一批', '综合'),
(57, 283, 1, 2024, 615, 38, '本科一批', '物理类'),
(57, 283, 1, 2025, 583, 41, '本科一批', '物理类'),
(57, 283, 19, 2024, 620, 37, '本科一批', '物理类'),
(57, 283, 19, 2025, 608, 33, '本科一批', '物理类'),
(57, 283, 11, 2024, 602, 31, '本科一批', '综合'),
(57, 283, 11, 2025, 619, 21, '本科一批', '综合'),
(57, 284, 1, 2024, 609, 46, '本科一批', '物理类'),
(57, 284, 1, 2025, 592, 29, '本科一批', '物理类'),
(57, 284, 19, 2024, 610, 30, '本科一批', '物理类'),
(57, 284, 19, 2025, 596, 12, '本科一批', '物理类'),
(57, 284, 11, 2024, 589, 29, '本科一批', '综合'),
(57, 284, 11, 2025, 589, 32, '本科一批', '综合'),
(57, 285, 1, 2024, 582, 12, '本科一批', '物理类'),
(57, 285, 1, 2025, 585, 38, '本科一批', '物理类'),
(57, 285, 19, 2024, 606, 34, '本科一批', '物理类'),
(57, 285, 19, 2025, 589, 42, '本科一批', '物理类'),
(57, 285, 11, 2024, 587, 19, '本科一批', '综合'),
(57, 285, 11, 2025, 612, 49, '本科一批', '综合'),
(58, 286, 1, 2024, 616, 12, '本科一批', '物理类'),
(58, 286, 1, 2025, 590, 44, '本科一批', '物理类'),
(58, 286, 19, 2024, 593, 37, '本科一批', '物理类'),
(58, 286, 19, 2025, 614, 38, '本科一批', '物理类'),
(58, 286, 11, 2024, 590, 38, '本科一批', '综合'),
(58, 286, 11, 2025, 590, 14, '本科一批', '综合'),
(58, 287, 1, 2024, 612, 27, '本科一批', '物理类'),
(58, 287, 1, 2025, 599, 28, '本科一批', '物理类'),
(58, 287, 19, 2024, 602, 12, '本科一批', '物理类'),
(58, 287, 19, 2025, 601, 22, '本科一批', '物理类'),
(58, 287, 11, 2024, 601, 48, '本科一批', '综合'),
(58, 287, 11, 2025, 596, 10, '本科一批', '综合'),
(58, 288, 1, 2024, 619, 22, '本科一批', '物理类'),
(58, 288, 1, 2025, 598, 36, '本科一批', '物理类'),
(58, 288, 19, 2024, 589, 27, '本科一批', '物理类'),
(58, 288, 19, 2025, 593, 12, '本科一批', '物理类'),
(58, 288, 11, 2024, 606, 24, '本科一批', '综合'),
(58, 288, 11, 2025, 582, 28, '本科一批', '综合'),
(58, 289, 1, 2024, 580, 20, '本科一批', '物理类'),
(58, 289, 1, 2025, 609, 44, '本科一批', '物理类'),
(58, 289, 19, 2024, 618, 50, '本科一批', '物理类'),
(58, 289, 19, 2025, 615, 43, '本科一批', '物理类'),
(58, 289, 11, 2024, 619, 13, '本科一批', '综合'),
(58, 289, 11, 2025, 586, 30, '本科一批', '综合'),
(58, 290, 1, 2024, 607, 21, '本科一批', '物理类'),
(58, 290, 1, 2025, 598, 23, '本科一批', '物理类'),
(58, 290, 19, 2024, 615, 49, '本科一批', '物理类'),
(58, 290, 19, 2025, 614, 11, '本科一批', '物理类'),
(58, 290, 11, 2024, 583, 17, '本科一批', '综合'),
(58, 290, 11, 2025, 594, 23, '本科一批', '综合'),
(59, 291, 1, 2024, 583, 17, '本科一批', '物理类'),
(59, 291, 1, 2025, 588, 28, '本科一批', '物理类'),
(59, 291, 19, 2024, 585, 37, '本科一批', '物理类'),
(59, 291, 19, 2025, 600, 37, '本科一批', '物理类'),
(59, 291, 11, 2024, 586, 20, '本科一批', '综合'),
(59, 291, 11, 2025, 615, 21, '本科一批', '综合'),
(59, 292, 1, 2024, 620, 18, '本科一批', '物理类'),
(59, 292, 1, 2025, 597, 22, '本科一批', '物理类'),
(59, 292, 19, 2024, 603, 10, '本科一批', '物理类'),
(59, 292, 19, 2025, 584, 41, '本科一批', '物理类'),
(59, 292, 11, 2024, 620, 32, '本科一批', '综合'),
(59, 292, 11, 2025, 601, 29, '本科一批', '综合'),
(59, 293, 1, 2024, 605, 49, '本科一批', '物理类'),
(59, 293, 1, 2025, 596, 16, '本科一批', '物理类'),
(59, 293, 19, 2024, 607, 34, '本科一批', '物理类'),
(59, 293, 19, 2025, 596, 12, '本科一批', '物理类'),
(59, 293, 11, 2024, 586, 29, '本科一批', '综合'),
(59, 293, 11, 2025, 580, 20, '本科一批', '综合'),
(59, 294, 1, 2024, 615, 16, '本科一批', '物理类'),
(59, 294, 1, 2025, 614, 19, '本科一批', '物理类'),
(59, 294, 19, 2024, 599, 48, '本科一批', '物理类'),
(59, 294, 19, 2025, 611, 22, '本科一批', '物理类'),
(59, 294, 11, 2024, 620, 29, '本科一批', '综合'),
(59, 294, 11, 2025, 609, 34, '本科一批', '综合'),
(59, 295, 1, 2024, 584, 16, '本科一批', '物理类'),
(59, 295, 1, 2025, 618, 27, '本科一批', '物理类'),
(59, 295, 19, 2024, 619, 13, '本科一批', '物理类'),
(59, 295, 19, 2025, 591, 36, '本科一批', '物理类'),
(59, 295, 11, 2024, 606, 10, '本科一批', '综合'),
(59, 295, 11, 2025, 595, 21, '本科一批', '综合'),
(60, 296, 1, 2024, 603, 50, '本科一批', '物理类'),
(60, 296, 1, 2025, 594, 38, '本科一批', '物理类'),
(60, 296, 19, 2024, 608, 18, '本科一批', '物理类'),
(60, 296, 19, 2025, 594, 31, '本科一批', '物理类'),
(60, 296, 11, 2024, 603, 17, '本科一批', '综合'),
(60, 296, 11, 2025, 607, 39, '本科一批', '综合'),
(60, 297, 1, 2024, 620, 42, '本科一批', '物理类'),
(60, 297, 1, 2025, 618, 35, '本科一批', '物理类'),
(60, 297, 19, 2024, 581, 48, '本科一批', '物理类'),
(60, 297, 19, 2025, 582, 19, '本科一批', '物理类'),
(60, 297, 11, 2024, 584, 27, '本科一批', '综合'),
(60, 297, 11, 2025, 603, 29, '本科一批', '综合'),
(60, 298, 1, 2024, 584, 16, '本科一批', '物理类'),
(60, 298, 1, 2025, 588, 38, '本科一批', '物理类'),
(60, 298, 19, 2024, 620, 12, '本科一批', '物理类'),
(60, 298, 19, 2025, 610, 48, '本科一批', '物理类'),
(60, 298, 11, 2024, 588, 29, '本科一批', '综合'),
(60, 298, 11, 2025, 594, 14, '本科一批', '综合'),
(60, 299, 1, 2024, 598, 46, '本科一批', '物理类'),
(60, 299, 1, 2025, 613, 12, '本科一批', '物理类'),
(60, 299, 19, 2024, 588, 24, '本科一批', '物理类'),
(60, 299, 19, 2025, 613, 27, '本科一批', '物理类'),
(60, 299, 11, 2024, 612, 37, '本科一批', '综合'),
(60, 299, 11, 2025, 606, 44, '本科一批', '综合'),
(60, 300, 1, 2024, 602, 10, '本科一批', '物理类'),
(60, 300, 1, 2025, 611, 15, '本科一批', '物理类'),
(60, 300, 19, 2024, 619, 49, '本科一批', '物理类'),
(60, 300, 19, 2025, 602, 16, '本科一批', '物理类'),
(60, 300, 11, 2024, 619, 10, '本科一批', '综合'),
(60, 300, 11, 2025, 596, 22, '本科一批', '综合'),
(61, 301, 1, 2024, 620, 16, '本科一批', '物理类'),
(61, 301, 1, 2025, 595, 37, '本科一批', '历史类'),
(61, 301, 19, 2024, 604, 17, '本科一批', '历史类'),
(61, 301, 19, 2025, 605, 16, '本科一批', '历史类'),
(61, 301, 11, 2024, 611, 23, '本科一批', '综合'),
(61, 301, 11, 2025, 601, 29, '本科一批', '综合'),
(61, 302, 1, 2024, 580, 46, '本科一批', '物理类'),
(61, 302, 1, 2025, 597, 29, '本科一批', '物理类'),
(61, 302, 19, 2024, 605, 22, '本科一批', '物理类'),
(61, 302, 19, 2025, 613, 23, '本科一批', '历史类'),
(61, 302, 11, 2024, 592, 12, '本科一批', '综合'),
(61, 302, 11, 2025, 598, 42, '本科一批', '综合'),
(61, 303, 1, 2024, 588, 21, '本科一批', '物理类'),
(61, 303, 1, 2025, 598, 33, '本科一批', '历史类'),
(61, 303, 19, 2024, 592, 16, '本科一批', '历史类'),
(61, 303, 19, 2025, 595, 16, '本科一批', '物理类'),
(61, 303, 11, 2024, 609, 49, '本科一批', '综合'),
(61, 303, 11, 2025, 614, 12, '本科一批', '综合'),
(61, 304, 1, 2024, 613, 31, '本科一批', '物理类'),
(61, 304, 1, 2025, 590, 25, '本科一批', '历史类'),
(61, 304, 19, 2024, 610, 50, '本科一批', '历史类'),
(61, 304, 19, 2025, 595, 17, '本科一批', '历史类'),
(61, 304, 11, 2024, 605, 35, '本科一批', '综合'),
(61, 304, 11, 2025, 608, 12, '本科一批', '综合'),
(61, 305, 1, 2024, 586, 30, '本科一批', '物理类'),
(61, 305, 1, 2025, 614, 31, '本科一批', '历史类'),
(61, 305, 19, 2024, 616, 12, '本科一批', '历史类'),
(61, 305, 19, 2025, 597, 10, '本科一批', '历史类'),
(61, 305, 11, 2024, 601, 11, '本科一批', '综合'),
(61, 305, 11, 2025, 582, 32, '本科一批', '综合'),
(62, 306, 1, 2024, 617, 19, '本科一批', '物理类'),
(62, 306, 1, 2025, 594, 37, '本科一批', '历史类'),
(62, 306, 19, 2024, 581, 37, '本科一批', '历史类'),
(62, 306, 19, 2025, 608, 36, '本科一批', '物理类'),
(62, 306, 11, 2024, 600, 16, '本科一批', '综合'),
(62, 306, 11, 2025, 582, 12, '本科一批', '综合'),
(62, 307, 1, 2024, 614, 18, '本科一批', '历史类'),
(62, 307, 1, 2025, 618, 41, '本科一批', '物理类'),
(62, 307, 19, 2024, 581, 20, '本科一批', '历史类'),
(62, 307, 19, 2025, 604, 37, '本科一批', '物理类'),
(62, 307, 11, 2024, 582, 10, '本科一批', '综合'),
(62, 307, 11, 2025, 600, 16, '本科一批', '综合'),
(62, 308, 1, 2024, 605, 46, '本科一批', '物理类'),
(62, 308, 1, 2025, 612, 17, '本科一批', '物理类'),
(62, 308, 19, 2024, 586, 17, '本科一批', '物理类'),
(62, 308, 19, 2025, 617, 23, '本科一批', '物理类'),
(62, 308, 11, 2024, 597, 36, '本科一批', '综合'),
(62, 308, 11, 2025, 583, 20, '本科一批', '综合'),
(62, 309, 1, 2024, 612, 26, '本科一批', '历史类'),
(62, 309, 1, 2025, 580, 34, '本科一批', '历史类'),
(62, 309, 19, 2024, 600, 24, '本科一批', '历史类'),
(62, 309, 19, 2025, 620, 34, '本科一批', '历史类'),
(62, 309, 11, 2024, 597, 31, '本科一批', '综合'),
(62, 309, 11, 2025, 597, 48, '本科一批', '综合'),
(62, 310, 1, 2024, 598, 28, '本科一批', '历史类'),
(62, 310, 1, 2025, 605, 28, '本科一批', '物理类'),
(62, 310, 19, 2024, 611, 34, '本科一批', '历史类'),
(62, 310, 19, 2025, 619, 19, '本科一批', '历史类'),
(62, 310, 11, 2024, 619, 34, '本科一批', '综合'),
(62, 310, 11, 2025, 585, 23, '本科一批', '综合'),
(63, 311, 1, 2024, 592, 29, '本科一批', '物理类'),
(63, 311, 1, 2025, 580, 15, '本科一批', '物理类'),
(63, 311, 19, 2024, 601, 25, '本科一批', '物理类'),
(63, 311, 19, 2025, 590, 28, '本科一批', '物理类'),
(63, 311, 11, 2024, 609, 14, '本科一批', '综合'),
(63, 311, 11, 2025, 599, 32, '本科一批', '综合'),
(63, 312, 1, 2024, 609, 13, '本科一批', '物理类'),
(63, 312, 1, 2025, 584, 19, '本科一批', '物理类'),
(63, 312, 19, 2024, 602, 28, '本科一批', '物理类'),
(63, 312, 19, 2025, 592, 36, '本科一批', '物理类'),
(63, 312, 11, 2024, 604, 30, '本科一批', '综合'),
(63, 312, 11, 2025, 583, 16, '本科一批', '综合'),
(63, 313, 1, 2024, 615, 18, '本科一批', '物理类'),
(63, 313, 1, 2025, 588, 43, '本科一批', '物理类'),
(63, 313, 19, 2024, 590, 15, '本科一批', '物理类'),
(63, 313, 19, 2025, 620, 46, '本科一批', '物理类'),
(63, 313, 11, 2024, 601, 15, '本科一批', '综合'),
(63, 313, 11, 2025, 600, 12, '本科一批', '综合'),
(63, 314, 1, 2024, 590, 22, '本科一批', '物理类'),
(63, 314, 1, 2025, 599, 48, '本科一批', '物理类'),
(63, 314, 19, 2024, 611, 13, '本科一批', '物理类'),
(63, 314, 19, 2025, 610, 21, '本科一批', '物理类'),
(63, 314, 11, 2024, 612, 16, '本科一批', '综合'),
(63, 314, 11, 2025, 616, 18, '本科一批', '综合'),
(63, 315, 1, 2024, 619, 40, '本科一批', '物理类'),
(63, 315, 1, 2025, 587, 16, '本科一批', '物理类'),
(63, 315, 19, 2024, 581, 15, '本科一批', '物理类'),
(63, 315, 19, 2025, 582, 27, '本科一批', '物理类'),
(63, 315, 11, 2024, 602, 39, '本科一批', '综合'),
(63, 315, 11, 2025, 582, 21, '本科一批', '综合'),
(64, 316, 1, 2024, 586, 43, '本科一批', '物理类'),
(64, 316, 1, 2025, 613, 44, '本科一批', '物理类'),
(64, 316, 19, 2024, 611, 18, '本科一批', '历史类'),
(64, 316, 19, 2025, 599, 36, '本科一批', '历史类'),
(64, 316, 11, 2024, 605, 41, '本科一批', '综合'),
(64, 316, 11, 2025, 599, 12, '本科一批', '综合'),
(64, 317, 1, 2024, 614, 35, '本科一批', '物理类'),
(64, 317, 1, 2025, 590, 12, '本科一批', '物理类'),
(64, 317, 19, 2024, 611, 44, '本科一批', '历史类'),
(64, 317, 19, 2025, 607, 47, '本科一批', '物理类'),
(64, 317, 11, 2024, 594, 15, '本科一批', '综合'),
(64, 317, 11, 2025, 619, 27, '本科一批', '综合'),
(64, 318, 1, 2024, 593, 19, '本科一批', '物理类'),
(64, 318, 1, 2025, 587, 49, '本科一批', '物理类'),
(64, 318, 19, 2024, 611, 43, '本科一批', '历史类'),
(64, 318, 19, 2025, 593, 16, '本科一批', '历史类'),
(64, 318, 11, 2024, 609, 49, '本科一批', '综合'),
(64, 318, 11, 2025, 600, 46, '本科一批', '综合'),
(64, 319, 1, 2024, 614, 14, '本科一批', '物理类'),
(64, 319, 1, 2025, 618, 19, '本科一批', '物理类'),
(64, 319, 19, 2024, 596, 13, '本科一批', '历史类'),
(64, 319, 19, 2025, 612, 50, '本科一批', '历史类'),
(64, 319, 11, 2024, 598, 32, '本科一批', '综合'),
(64, 319, 11, 2025, 609, 44, '本科一批', '综合'),
(64, 320, 1, 2024, 580, 35, '本科一批', '历史类'),
(64, 320, 1, 2025, 581, 38, '本科一批', '历史类'),
(64, 320, 19, 2024, 590, 39, '本科一批', '历史类'),
(64, 320, 19, 2025, 586, 14, '本科一批', '历史类'),
(64, 320, 11, 2024, 581, 31, '本科一批', '综合'),
(64, 320, 11, 2025, 617, 40, '本科一批', '综合'),
(65, 321, 1, 2024, 613, 13, '本科一批', '历史类'),
(65, 321, 1, 2025, 619, 25, '本科一批', '物理类'),
(65, 321, 19, 2024, 615, 34, '本科一批', '历史类'),
(65, 321, 19, 2025, 609, 10, '本科一批', '历史类'),
(65, 321, 11, 2024, 582, 31, '本科一批', '综合'),
(65, 321, 11, 2025, 609, 10, '本科一批', '综合'),
(65, 322, 1, 2024, 582, 36, '本科一批', '物理类'),
(65, 322, 1, 2025, 600, 32, '本科一批', '物理类'),
(65, 322, 19, 2024, 609, 12, '本科一批', '历史类'),
(65, 322, 19, 2025, 611, 47, '本科一批', '历史类'),
(65, 322, 11, 2024, 597, 37, '本科一批', '综合'),
(65, 322, 11, 2025, 587, 42, '本科一批', '综合'),
(65, 323, 1, 2024, 613, 11, '本科一批', '历史类'),
(65, 323, 1, 2025, 600, 38, '本科一批', '历史类'),
(65, 323, 19, 2024, 581, 19, '本科一批', '历史类'),
(65, 323, 19, 2025, 594, 19, '本科一批', '物理类'),
(65, 323, 11, 2024, 595, 14, '本科一批', '综合'),
(65, 323, 11, 2025, 614, 23, '本科一批', '综合'),
(65, 324, 1, 2024, 581, 49, '本科一批', '历史类'),
(65, 324, 1, 2025, 595, 19, '本科一批', '历史类'),
(65, 324, 19, 2024, 618, 31, '本科一批', '物理类'),
(65, 324, 19, 2025, 605, 17, '本科一批', '物理类'),
(65, 324, 11, 2024, 619, 48, '本科一批', '综合'),
(65, 324, 11, 2025, 602, 23, '本科一批', '综合'),
(65, 325, 1, 2024, 588, 36, '本科一批', '物理类'),
(65, 325, 1, 2025, 609, 39, '本科一批', '物理类'),
(65, 325, 19, 2024, 583, 22, '本科一批', '物理类'),
(65, 325, 19, 2025, 588, 28, '本科一批', '历史类'),
(65, 325, 11, 2024, 609, 19, '本科一批', '综合'),
(65, 325, 11, 2025, 600, 40, '本科一批', '综合'),
(66, 326, 1, 2024, 597, 26, '本科一批', '物理类'),
(66, 326, 1, 2025, 597, 31, '本科一批', '物理类'),
(66, 326, 19, 2024, 590, 13, '本科一批', '物理类'),
(66, 326, 19, 2025, 603, 27, '本科一批', '物理类'),
(66, 326, 11, 2024, 588, 19, '本科一批', '综合'),
(66, 326, 11, 2025, 594, 47, '本科一批', '综合'),
(66, 327, 1, 2024, 609, 49, '本科一批', '物理类'),
(66, 327, 1, 2025, 602, 17, '本科一批', '物理类'),
(66, 327, 19, 2024, 603, 22, '本科一批', '物理类'),
(66, 327, 19, 2025, 618, 40, '本科一批', '物理类'),
(66, 327, 11, 2024, 604, 19, '本科一批', '综合'),
(66, 327, 11, 2025, 620, 12, '本科一批', '综合'),
(66, 328, 1, 2024, 589, 23, '本科一批', '物理类'),
(66, 328, 1, 2025, 583, 18, '本科一批', '物理类'),
(66, 328, 19, 2024, 607, 36, '本科一批', '物理类'),
(66, 328, 19, 2025, 612, 47, '本科一批', '物理类'),
(66, 328, 11, 2024, 602, 27, '本科一批', '综合'),
(66, 328, 11, 2025, 604, 23, '本科一批', '综合'),
(66, 329, 1, 2024, 619, 48, '本科一批', '物理类'),
(66, 329, 1, 2025, 600, 25, '本科一批', '物理类'),
(66, 329, 19, 2024, 593, 43, '本科一批', '物理类'),
(66, 329, 19, 2025, 595, 36, '本科一批', '物理类'),
(66, 329, 11, 2024, 616, 30, '本科一批', '综合'),
(66, 329, 11, 2025, 614, 40, '本科一批', '综合'),
(66, 330, 1, 2024, 596, 49, '本科一批', '物理类'),
(66, 330, 1, 2025, 585, 38, '本科一批', '物理类'),
(66, 330, 19, 2024, 602, 46, '本科一批', '物理类'),
(66, 330, 19, 2025, 617, 22, '本科一批', '物理类'),
(66, 330, 11, 2024, 617, 43, '本科一批', '综合'),
(66, 330, 11, 2025, 617, 31, '本科一批', '综合'),
(67, 331, 1, 2024, 618, 50, '本科一批', '物理类'),
(67, 331, 1, 2025, 582, 27, '本科一批', '物理类'),
(67, 331, 19, 2024, 616, 36, '本科一批', '物理类'),
(67, 331, 19, 2025, 617, 22, '本科一批', '物理类'),
(67, 331, 11, 2024, 598, 27, '本科一批', '综合'),
(67, 331, 11, 2025, 580, 34, '本科一批', '综合'),
(67, 332, 1, 2024, 595, 27, '本科一批', '物理类'),
(67, 332, 1, 2025, 597, 38, '本科一批', '物理类'),
(67, 332, 19, 2024, 596, 32, '本科一批', '物理类'),
(67, 332, 19, 2025, 600, 37, '本科一批', '物理类'),
(67, 332, 11, 2024, 601, 39, '本科一批', '综合'),
(67, 332, 11, 2025, 611, 38, '本科一批', '综合'),
(67, 333, 1, 2024, 617, 47, '本科一批', '物理类'),
(67, 333, 1, 2025, 604, 16, '本科一批', '物理类'),
(67, 333, 19, 2024, 615, 16, '本科一批', '物理类'),
(67, 333, 19, 2025, 581, 27, '本科一批', '物理类'),
(67, 333, 11, 2024, 593, 36, '本科一批', '综合'),
(67, 333, 11, 2025, 615, 24, '本科一批', '综合'),
(67, 334, 1, 2024, 591, 30, '本科一批', '物理类'),
(67, 334, 1, 2025, 591, 42, '本科一批', '物理类'),
(67, 334, 19, 2024, 583, 41, '本科一批', '物理类'),
(67, 334, 19, 2025, 593, 22, '本科一批', '物理类'),
(67, 334, 11, 2024, 618, 18, '本科一批', '综合'),
(67, 334, 11, 2025, 581, 48, '本科一批', '综合'),
(67, 335, 1, 2024, 612, 48, '本科一批', '物理类'),
(67, 335, 1, 2025, 605, 37, '本科一批', '物理类'),
(67, 335, 19, 2024, 586, 40, '本科一批', '物理类'),
(67, 335, 19, 2025, 589, 24, '本科一批', '物理类'),
(67, 335, 11, 2024, 610, 35, '本科一批', '综合'),
(67, 335, 11, 2025, 615, 33, '本科一批', '综合'),
(68, 336, 1, 2024, 619, 42, '本科一批', '物理类'),
(68, 336, 1, 2025, 589, 39, '本科一批', '物理类'),
(68, 336, 19, 2024, 620, 29, '本科一批', '物理类'),
(68, 336, 19, 2025, 620, 28, '本科一批', '物理类'),
(68, 336, 11, 2024, 610, 37, '本科一批', '综合'),
(68, 336, 11, 2025, 595, 46, '本科一批', '综合'),
(68, 337, 1, 2024, 606, 34, '本科一批', '物理类'),
(68, 337, 1, 2025, 590, 44, '本科一批', '物理类'),
(68, 337, 19, 2024, 616, 41, '本科一批', '物理类'),
(68, 337, 19, 2025, 592, 38, '本科一批', '物理类'),
(68, 337, 11, 2024, 601, 24, '本科一批', '综合'),
(68, 337, 11, 2025, 592, 31, '本科一批', '综合'),
(68, 338, 1, 2024, 615, 27, '本科一批', '物理类'),
(68, 338, 1, 2025, 608, 32, '本科一批', '物理类'),
(68, 338, 19, 2024, 580, 17, '本科一批', '物理类'),
(68, 338, 19, 2025, 590, 27, '本科一批', '物理类'),
(68, 338, 11, 2024, 598, 42, '本科一批', '综合'),
(68, 338, 11, 2025, 594, 43, '本科一批', '综合'),
(68, 339, 1, 2024, 581, 13, '本科一批', '物理类'),
(68, 339, 1, 2025, 602, 40, '本科一批', '物理类'),
(68, 339, 19, 2024, 617, 26, '本科一批', '物理类'),
(68, 339, 19, 2025, 616, 23, '本科一批', '物理类'),
(68, 339, 11, 2024, 586, 44, '本科一批', '综合'),
(68, 339, 11, 2025, 595, 17, '本科一批', '综合'),
(68, 340, 1, 2024, 596, 20, '本科一批', '物理类'),
(68, 340, 1, 2025, 588, 43, '本科一批', '物理类'),
(68, 340, 19, 2024, 580, 19, '本科一批', '物理类'),
(68, 340, 19, 2025, 616, 24, '本科一批', '物理类'),
(68, 340, 11, 2024, 594, 33, '本科一批', '综合'),
(68, 340, 11, 2025, 596, 42, '本科一批', '综合'),
(69, 341, 1, 2024, 588, 44, '本科一批', '物理类'),
(69, 341, 1, 2025, 605, 11, '本科一批', '物理类'),
(69, 341, 19, 2024, 617, 43, '本科一批', '物理类'),
(69, 341, 19, 2025, 589, 47, '本科一批', '物理类'),
(69, 341, 11, 2024, 618, 41, '本科一批', '综合'),
(69, 341, 11, 2025, 581, 40, '本科一批', '综合'),
(69, 342, 1, 2024, 615, 49, '本科一批', '物理类'),
(69, 342, 1, 2025, 591, 25, '本科一批', '物理类'),
(69, 342, 19, 2024, 594, 29, '本科一批', '物理类'),
(69, 342, 19, 2025, 591, 24, '本科一批', '物理类'),
(69, 342, 11, 2024, 598, 21, '本科一批', '综合'),
(69, 342, 11, 2025, 601, 18, '本科一批', '综合'),
(69, 343, 1, 2024, 619, 13, '本科一批', '物理类'),
(69, 343, 1, 2025, 597, 45, '本科一批', '物理类'),
(69, 343, 19, 2024, 603, 49, '本科一批', '物理类'),
(69, 343, 19, 2025, 616, 42, '本科一批', '物理类'),
(69, 343, 11, 2024, 608, 40, '本科一批', '综合'),
(69, 343, 11, 2025, 619, 47, '本科一批', '综合'),
(69, 344, 1, 2024, 616, 18, '本科一批', '物理类'),
(69, 344, 1, 2025, 600, 26, '本科一批', '物理类'),
(69, 344, 19, 2024, 589, 31, '本科一批', '物理类'),
(69, 344, 19, 2025, 599, 17, '本科一批', '物理类'),
(69, 344, 11, 2024, 597, 50, '本科一批', '综合'),
(69, 344, 11, 2025, 581, 19, '本科一批', '综合'),
(69, 345, 1, 2024, 595, 24, '本科一批', '物理类'),
(69, 345, 1, 2025, 580, 40, '本科一批', '物理类'),
(69, 345, 19, 2024, 607, 25, '本科一批', '物理类'),
(69, 345, 19, 2025, 586, 26, '本科一批', '物理类'),
(69, 345, 11, 2024, 608, 50, '本科一批', '综合'),
(69, 345, 11, 2025, 601, 38, '本科一批', '综合'),
(70, 346, 1, 2024, 601, 36, '本科一批', '物理类'),
(70, 346, 1, 2025, 615, 26, '本科一批', '物理类'),
(70, 346, 19, 2024, 582, 16, '本科一批', '物理类'),
(70, 346, 19, 2025, 582, 10, '本科一批', '物理类'),
(70, 346, 11, 2024, 590, 31, '本科一批', '综合'),
(70, 346, 11, 2025, 603, 48, '本科一批', '综合'),
(70, 347, 1, 2024, 613, 13, '本科一批', '物理类'),
(70, 347, 1, 2025, 583, 12, '本科一批', '物理类'),
(70, 347, 19, 2024, 590, 10, '本科一批', '物理类'),
(70, 347, 19, 2025, 617, 49, '本科一批', '物理类'),
(70, 347, 11, 2024, 619, 34, '本科一批', '综合'),
(70, 347, 11, 2025, 613, 25, '本科一批', '综合'),
(70, 348, 1, 2024, 586, 21, '本科一批', '物理类'),
(70, 348, 1, 2025, 596, 22, '本科一批', '物理类'),
(70, 348, 19, 2024, 619, 28, '本科一批', '物理类'),
(70, 348, 19, 2025, 583, 39, '本科一批', '物理类'),
(70, 348, 11, 2024, 597, 10, '本科一批', '综合'),
(70, 348, 11, 2025, 600, 26, '本科一批', '综合'),
(70, 349, 1, 2024, 588, 43, '本科一批', '物理类'),
(70, 349, 1, 2025, 586, 33, '本科一批', '物理类'),
(70, 349, 19, 2024, 597, 30, '本科一批', '物理类'),
(70, 349, 19, 2025, 582, 50, '本科一批', '物理类'),
(70, 349, 11, 2024, 602, 38, '本科一批', '综合'),
(70, 349, 11, 2025, 611, 12, '本科一批', '综合'),
(70, 350, 1, 2024, 610, 35, '本科一批', '物理类'),
(70, 350, 1, 2025, 587, 50, '本科一批', '物理类'),
(70, 350, 19, 2024, 602, 41, '本科一批', '物理类'),
(70, 350, 19, 2025, 595, 44, '本科一批', '物理类'),
(70, 350, 11, 2024, 592, 43, '本科一批', '综合'),
(70, 350, 11, 2025, 604, 11, '本科一批', '综合'),
(71, 351, 1, 2024, 596, 44, '本科一批', '历史类'),
(71, 351, 1, 2025, 588, 44, '本科一批', '历史类'),
(71, 351, 19, 2024, 607, 47, '本科一批', '物理类'),
(71, 351, 19, 2025, 592, 25, '本科一批', '物理类'),
(71, 351, 11, 2024, 610, 38, '本科一批', '综合'),
(71, 351, 11, 2025, 618, 34, '本科一批', '综合'),
(71, 352, 1, 2024, 605, 27, '本科一批', '物理类'),
(71, 352, 1, 2025, 592, 22, '本科一批', '物理类'),
(71, 352, 19, 2024, 598, 17, '本科一批', '历史类'),
(71, 352, 19, 2025, 594, 14, '本科一批', '历史类'),
(71, 352, 11, 2024, 590, 15, '本科一批', '综合'),
(71, 352, 11, 2025, 609, 40, '本科一批', '综合'),
(71, 353, 1, 2024, 587, 15, '本科一批', '历史类'),
(71, 353, 1, 2025, 620, 15, '本科一批', '物理类'),
(71, 353, 19, 2024, 581, 49, '本科一批', '历史类'),
(71, 353, 19, 2025, 619, 15, '本科一批', '物理类'),
(71, 353, 11, 2024, 607, 25, '本科一批', '综合'),
(71, 353, 11, 2025, 614, 37, '本科一批', '综合'),
(71, 354, 1, 2024, 620, 31, '本科一批', '物理类'),
(71, 354, 1, 2025, 580, 19, '本科一批', '物理类'),
(71, 354, 19, 2024, 605, 41, '本科一批', '物理类'),
(71, 354, 19, 2025, 595, 23, '本科一批', '物理类'),
(71, 354, 11, 2024, 615, 41, '本科一批', '综合'),
(71, 354, 11, 2025, 591, 30, '本科一批', '综合'),
(71, 355, 1, 2024, 586, 16, '本科一批', '物理类'),
(71, 355, 1, 2025, 616, 48, '本科一批', '物理类'),
(71, 355, 19, 2024, 587, 47, '本科一批', '历史类'),
(71, 355, 19, 2025, 597, 23, '本科一批', '历史类'),
(71, 355, 11, 2024, 581, 15, '本科一批', '综合'),
(71, 355, 11, 2025, 594, 50, '本科一批', '综合'),
(72, 356, 1, 2024, 598, 34, '本科一批', '历史类'),
(72, 356, 1, 2025, 586, 37, '本科一批', '历史类'),
(72, 356, 19, 2024, 615, 39, '本科一批', '历史类'),
(72, 356, 19, 2025, 596, 17, '本科一批', '历史类'),
(72, 356, 11, 2024, 582, 31, '本科一批', '综合'),
(72, 356, 11, 2025, 580, 20, '本科一批', '综合'),
(72, 357, 1, 2024, 614, 29, '本科一批', '历史类'),
(72, 357, 1, 2025, 580, 19, '本科一批', '物理类'),
(72, 357, 19, 2024, 588, 21, '本科一批', '历史类'),
(72, 357, 19, 2025, 620, 33, '本科一批', '历史类'),
(72, 357, 11, 2024, 589, 33, '本科一批', '综合'),
(72, 357, 11, 2025, 587, 33, '本科一批', '综合'),
(72, 358, 1, 2024, 620, 37, '本科一批', '历史类'),
(72, 358, 1, 2025, 602, 35, '本科一批', '物理类'),
(72, 358, 19, 2024, 604, 13, '本科一批', '物理类'),
(72, 358, 19, 2025, 601, 38, '本科一批', '历史类'),
(72, 358, 11, 2024, 611, 14, '本科一批', '综合'),
(72, 358, 11, 2025, 595, 38, '本科一批', '综合'),
(72, 359, 1, 2024, 607, 21, '本科一批', '物理类'),
(72, 359, 1, 2025, 618, 13, '本科一批', '历史类'),
(72, 359, 19, 2024, 603, 16, '本科一批', '历史类'),
(72, 359, 19, 2025, 587, 30, '本科一批', '历史类'),
(72, 359, 11, 2024, 620, 43, '本科一批', '综合'),
(72, 359, 11, 2025, 596, 34, '本科一批', '综合'),
(72, 360, 1, 2024, 607, 49, '本科一批', '物理类'),
(72, 360, 1, 2025, 602, 24, '本科一批', '历史类'),
(72, 360, 19, 2024, 613, 24, '本科一批', '历史类'),
(72, 360, 19, 2025, 620, 21, '本科一批', '历史类'),
(72, 360, 11, 2024, 600, 29, '本科一批', '综合'),
(72, 360, 11, 2025, 582, 48, '本科一批', '综合'),
(73, 361, 1, 2024, 581, 44, '本科一批', '物理类'),
(73, 361, 1, 2025, 595, 21, '本科一批', '物理类'),
(73, 361, 19, 2024, 605, 39, '本科一批', '历史类'),
(73, 361, 19, 2025, 598, 39, '本科一批', '历史类'),
(73, 361, 11, 2024, 620, 25, '本科一批', '综合'),
(73, 361, 11, 2025, 587, 30, '本科一批', '综合'),
(73, 362, 1, 2024, 600, 35, '本科一批', '物理类'),
(73, 362, 1, 2025, 583, 34, '本科一批', '历史类'),
(73, 362, 19, 2024, 601, 17, '本科一批', '物理类'),
(73, 362, 19, 2025, 615, 33, '本科一批', '历史类'),
(73, 362, 11, 2024, 591, 27, '本科一批', '综合'),
(73, 362, 11, 2025, 617, 47, '本科一批', '综合'),
(73, 363, 1, 2024, 612, 49, '本科一批', '物理类'),
(73, 363, 1, 2025, 591, 20, '本科一批', '物理类'),
(73, 363, 19, 2024, 613, 28, '本科一批', '历史类'),
(73, 363, 19, 2025, 587, 35, '本科一批', '历史类'),
(73, 363, 11, 2024, 597, 39, '本科一批', '综合'),
(73, 363, 11, 2025, 583, 25, '本科一批', '综合'),
(73, 364, 1, 2024, 596, 14, '本科一批', '物理类'),
(73, 364, 1, 2025, 581, 50, '本科一批', '物理类'),
(73, 364, 19, 2024, 582, 39, '本科一批', '物理类'),
(73, 364, 19, 2025, 607, 27, '本科一批', '历史类'),
(73, 364, 11, 2024, 617, 39, '本科一批', '综合'),
(73, 364, 11, 2025, 605, 40, '本科一批', '综合'),
(73, 365, 1, 2024, 582, 42, '本科一批', '历史类'),
(73, 365, 1, 2025, 619, 43, '本科一批', '历史类'),
(73, 365, 19, 2024, 587, 40, '本科一批', '物理类'),
(73, 365, 19, 2025, 604, 34, '本科一批', '物理类'),
(73, 365, 11, 2024, 588, 32, '本科一批', '综合'),
(73, 365, 11, 2025, 583, 19, '本科一批', '综合'),
(74, 366, 1, 2024, 583, 42, '本科一批', '历史类'),
(74, 366, 1, 2025, 605, 48, '本科一批', '物理类'),
(74, 366, 19, 2024, 596, 26, '本科一批', '历史类'),
(74, 366, 19, 2025, 597, 33, '本科一批', '物理类'),
(74, 366, 11, 2024, 602, 14, '本科一批', '综合'),
(74, 366, 11, 2025, 600, 18, '本科一批', '综合'),
(74, 367, 1, 2024, 586, 35, '本科一批', '物理类'),
(74, 367, 1, 2025, 583, 30, '本科一批', '历史类'),
(74, 367, 19, 2024, 617, 30, '本科一批', '历史类'),
(74, 367, 19, 2025, 596, 42, '本科一批', '历史类'),
(74, 367, 11, 2024, 603, 18, '本科一批', '综合'),
(74, 367, 11, 2025, 603, 40, '本科一批', '综合'),
(74, 368, 1, 2024, 598, 15, '本科一批', '物理类'),
(74, 368, 1, 2025, 596, 40, '本科一批', '物理类'),
(74, 368, 19, 2024, 587, 40, '本科一批', '历史类'),
(74, 368, 19, 2025, 600, 37, '本科一批', '历史类'),
(74, 368, 11, 2024, 582, 44, '本科一批', '综合'),
(74, 368, 11, 2025, 605, 41, '本科一批', '综合'),
(74, 369, 1, 2024, 580, 30, '本科一批', '物理类'),
(74, 369, 1, 2025, 603, 29, '本科一批', '物理类'),
(74, 369, 19, 2024, 595, 49, '本科一批', '物理类'),
(74, 369, 19, 2025, 600, 44, '本科一批', '物理类'),
(74, 369, 11, 2024, 615, 41, '本科一批', '综合'),
(74, 369, 11, 2025, 611, 32, '本科一批', '综合'),
(74, 370, 1, 2024, 590, 29, '本科一批', '历史类'),
(74, 370, 1, 2025, 618, 22, '本科一批', '物理类'),
(74, 370, 19, 2024, 595, 37, '本科一批', '物理类'),
(74, 370, 19, 2025, 620, 31, '本科一批', '物理类'),
(74, 370, 11, 2024, 617, 12, '本科一批', '综合'),
(74, 370, 11, 2025, 608, 28, '本科一批', '综合'),
(75, 371, 1, 2024, 611, 38, '本科一批', '物理类'),
(75, 371, 1, 2025, 580, 38, '本科一批', '物理类'),
(75, 371, 19, 2024, 617, 27, '本科一批', '物理类'),
(75, 371, 19, 2025, 602, 17, '本科一批', '物理类'),
(75, 371, 11, 2024, 597, 26, '本科一批', '综合'),
(75, 371, 11, 2025, 615, 12, '本科一批', '综合'),
(75, 372, 1, 2024, 593, 49, '本科一批', '物理类'),
(75, 372, 1, 2025, 589, 10, '本科一批', '物理类'),
(75, 372, 19, 2024, 610, 19, '本科一批', '物理类'),
(75, 372, 19, 2025, 608, 40, '本科一批', '物理类'),
(75, 372, 11, 2024, 613, 16, '本科一批', '综合'),
(75, 372, 11, 2025, 587, 29, '本科一批', '综合'),
(75, 373, 1, 2024, 588, 28, '本科一批', '物理类'),
(75, 373, 1, 2025, 582, 24, '本科一批', '物理类'),
(75, 373, 19, 2024, 592, 18, '本科一批', '物理类'),
(75, 373, 19, 2025, 607, 24, '本科一批', '物理类'),
(75, 373, 11, 2024, 584, 28, '本科一批', '综合'),
(75, 373, 11, 2025, 592, 29, '本科一批', '综合'),
(75, 374, 1, 2024, 607, 15, '本科一批', '物理类'),
(75, 374, 1, 2025, 596, 44, '本科一批', '物理类'),
(75, 374, 19, 2024, 597, 25, '本科一批', '物理类'),
(75, 374, 19, 2025, 598, 15, '本科一批', '物理类'),
(75, 374, 11, 2024, 589, 24, '本科一批', '综合'),
(75, 374, 11, 2025, 601, 35, '本科一批', '综合'),
(75, 375, 1, 2024, 607, 34, '本科一批', '物理类'),
(75, 375, 1, 2025, 601, 33, '本科一批', '物理类'),
(75, 375, 19, 2024, 593, 24, '本科一批', '物理类'),
(75, 375, 19, 2025, 612, 37, '本科一批', '物理类'),
(75, 375, 11, 2024, 584, 41, '本科一批', '综合'),
(75, 375, 11, 2025, 618, 34, '本科一批', '综合'),
(76, 376, 1, 2024, 608, 25, '本科一批', '物理类'),
(76, 376, 1, 2025, 614, 17, '本科一批', '物理类'),
(76, 376, 19, 2024, 608, 12, '本科一批', '物理类'),
(76, 376, 19, 2025, 581, 48, '本科一批', '物理类'),
(76, 376, 11, 2024, 620, 35, '本科一批', '综合'),
(76, 376, 11, 2025, 599, 16, '本科一批', '综合'),
(76, 377, 1, 2024, 599, 40, '本科一批', '物理类'),
(76, 377, 1, 2025, 582, 17, '本科一批', '物理类'),
(76, 377, 19, 2024, 620, 22, '本科一批', '物理类'),
(76, 377, 19, 2025, 603, 28, '本科一批', '物理类'),
(76, 377, 11, 2024, 585, 39, '本科一批', '综合'),
(76, 377, 11, 2025, 610, 38, '本科一批', '综合'),
(76, 378, 1, 2024, 587, 39, '本科一批', '物理类'),
(76, 378, 1, 2025, 590, 38, '本科一批', '物理类'),
(76, 378, 19, 2024, 611, 35, '本科一批', '物理类'),
(76, 378, 19, 2025, 619, 31, '本科一批', '物理类'),
(76, 378, 11, 2024, 594, 39, '本科一批', '综合'),
(76, 378, 11, 2025, 592, 44, '本科一批', '综合'),
(76, 379, 1, 2024, 593, 50, '本科一批', '物理类'),
(76, 379, 1, 2025, 587, 30, '本科一批', '物理类'),
(76, 379, 19, 2024, 592, 13, '本科一批', '物理类'),
(76, 379, 19, 2025, 584, 16, '本科一批', '物理类'),
(76, 379, 11, 2024, 614, 14, '本科一批', '综合'),
(76, 379, 11, 2025, 611, 40, '本科一批', '综合'),
(76, 380, 1, 2024, 602, 40, '本科一批', '物理类'),
(76, 380, 1, 2025, 597, 44, '本科一批', '物理类'),
(76, 380, 19, 2024, 589, 32, '本科一批', '物理类'),
(76, 380, 19, 2025, 613, 42, '本科一批', '物理类'),
(76, 380, 11, 2024, 597, 10, '本科一批', '综合'),
(76, 380, 11, 2025, 610, 24, '本科一批', '综合'),
(77, 381, 1, 2024, 589, 19, '本科一批', '物理类'),
(77, 381, 1, 2025, 590, 43, '本科一批', '物理类'),
(77, 381, 19, 2024, 610, 31, '本科一批', '物理类'),
(77, 381, 19, 2025, 588, 30, '本科一批', '物理类'),
(77, 381, 11, 2024, 591, 35, '本科一批', '综合'),
(77, 381, 11, 2025, 612, 34, '本科一批', '综合'),
(77, 382, 1, 2024, 597, 45, '本科一批', '物理类'),
(77, 382, 1, 2025, 588, 48, '本科一批', '物理类'),
(77, 382, 19, 2024, 605, 17, '本科一批', '物理类'),
(77, 382, 19, 2025, 607, 21, '本科一批', '物理类'),
(77, 382, 11, 2024, 582, 17, '本科一批', '综合'),
(77, 382, 11, 2025, 591, 45, '本科一批', '综合'),
(77, 383, 1, 2024, 597, 11, '本科一批', '物理类'),
(77, 383, 1, 2025, 615, 12, '本科一批', '物理类'),
(77, 383, 19, 2024, 609, 20, '本科一批', '物理类'),
(77, 383, 19, 2025, 585, 23, '本科一批', '物理类'),
(77, 383, 11, 2024, 617, 38, '本科一批', '综合'),
(77, 383, 11, 2025, 610, 36, '本科一批', '综合'),
(77, 384, 1, 2024, 609, 27, '本科一批', '物理类'),
(77, 384, 1, 2025, 590, 12, '本科一批', '物理类'),
(77, 384, 19, 2024, 615, 42, '本科一批', '物理类'),
(77, 384, 19, 2025, 595, 18, '本科一批', '物理类'),
(77, 384, 11, 2024, 610, 11, '本科一批', '综合'),
(77, 384, 11, 2025, 583, 11, '本科一批', '综合'),
(77, 385, 1, 2024, 606, 28, '本科一批', '物理类'),
(77, 385, 1, 2025, 596, 30, '本科一批', '物理类'),
(77, 385, 19, 2024, 615, 42, '本科一批', '物理类'),
(77, 385, 19, 2025, 597, 20, '本科一批', '物理类'),
(77, 385, 11, 2024, 605, 32, '本科一批', '综合'),
(77, 385, 11, 2025, 608, 40, '本科一批', '综合'),
(78, 386, 1, 2024, 582, 47, '本科一批', '物理类'),
(78, 386, 1, 2025, 608, 15, '本科一批', '物理类'),
(78, 386, 19, 2024, 592, 16, '本科一批', '物理类'),
(78, 386, 19, 2025, 600, 20, '本科一批', '物理类'),
(78, 386, 11, 2024, 599, 13, '本科一批', '综合'),
(78, 386, 11, 2025, 585, 16, '本科一批', '综合'),
(78, 387, 1, 2024, 620, 27, '本科一批', '物理类'),
(78, 387, 1, 2025, 611, 35, '本科一批', '物理类'),
(78, 387, 19, 2024, 601, 27, '本科一批', '物理类'),
(78, 387, 19, 2025, 600, 45, '本科一批', '物理类'),
(78, 387, 11, 2024, 602, 14, '本科一批', '综合'),
(78, 387, 11, 2025, 594, 13, '本科一批', '综合'),
(78, 388, 1, 2024, 596, 10, '本科一批', '物理类'),
(78, 388, 1, 2025, 620, 33, '本科一批', '物理类'),
(78, 388, 19, 2024, 600, 18, '本科一批', '物理类'),
(78, 388, 19, 2025, 613, 13, '本科一批', '物理类'),
(78, 388, 11, 2024, 595, 18, '本科一批', '综合'),
(78, 388, 11, 2025, 595, 15, '本科一批', '综合'),
(78, 389, 1, 2024, 617, 11, '本科一批', '物理类'),
(78, 389, 1, 2025, 618, 11, '本科一批', '物理类'),
(78, 389, 19, 2024, 589, 34, '本科一批', '物理类'),
(78, 389, 19, 2025, 589, 34, '本科一批', '物理类'),
(78, 389, 11, 2024, 597, 41, '本科一批', '综合'),
(78, 389, 11, 2025, 608, 14, '本科一批', '综合'),
(78, 390, 1, 2024, 589, 46, '本科一批', '物理类'),
(78, 390, 1, 2025, 619, 47, '本科一批', '物理类'),
(78, 390, 19, 2024, 617, 19, '本科一批', '物理类'),
(78, 390, 19, 2025, 598, 22, '本科一批', '物理类'),
(78, 390, 11, 2024, 608, 44, '本科一批', '综合'),
(78, 390, 11, 2025, 586, 32, '本科一批', '综合'),
(79, 391, 1, 2024, 588, 25, '本科一批', '物理类'),
(79, 391, 1, 2025, 599, 30, '本科一批', '物理类'),
(79, 391, 19, 2024, 620, 16, '本科一批', '物理类'),
(79, 391, 19, 2025, 583, 33, '本科一批', '物理类'),
(79, 391, 11, 2024, 618, 50, '本科一批', '综合'),
(79, 391, 11, 2025, 610, 35, '本科一批', '综合'),
(79, 392, 1, 2024, 589, 28, '本科一批', '物理类'),
(79, 392, 1, 2025, 608, 32, '本科一批', '物理类'),
(79, 392, 19, 2024, 583, 24, '本科一批', '物理类'),
(79, 392, 19, 2025, 620, 25, '本科一批', '物理类'),
(79, 392, 11, 2024, 586, 35, '本科一批', '综合'),
(79, 392, 11, 2025, 592, 15, '本科一批', '综合'),
(79, 393, 1, 2024, 605, 14, '本科一批', '物理类'),
(79, 393, 1, 2025, 602, 12, '本科一批', '物理类'),
(79, 393, 19, 2024, 603, 32, '本科一批', '物理类'),
(79, 393, 19, 2025, 600, 50, '本科一批', '物理类'),
(79, 393, 11, 2024, 610, 32, '本科一批', '综合'),
(79, 393, 11, 2025, 595, 45, '本科一批', '综合'),
(79, 394, 1, 2024, 592, 31, '本科一批', '物理类'),
(79, 394, 1, 2025, 613, 50, '本科一批', '物理类'),
(79, 394, 19, 2024, 582, 19, '本科一批', '物理类'),
(79, 394, 19, 2025, 581, 26, '本科一批', '物理类'),
(79, 394, 11, 2024, 611, 19, '本科一批', '综合'),
(79, 394, 11, 2025, 616, 22, '本科一批', '综合'),
(79, 395, 1, 2024, 601, 32, '本科一批', '物理类'),
(79, 395, 1, 2025, 586, 24, '本科一批', '物理类'),
(79, 395, 19, 2024, 599, 26, '本科一批', '物理类'),
(79, 395, 19, 2025, 608, 10, '本科一批', '物理类'),
(79, 395, 11, 2024, 614, 42, '本科一批', '综合'),
(79, 395, 11, 2025, 583, 41, '本科一批', '综合'),
(80, 396, 1, 2024, 587, 39, '本科一批', '物理类'),
(80, 396, 1, 2025, 604, 44, '本科一批', '物理类'),
(80, 396, 19, 2024, 603, 31, '本科一批', '物理类'),
(80, 396, 19, 2025, 592, 21, '本科一批', '物理类'),
(80, 396, 11, 2024, 606, 36, '本科一批', '综合'),
(80, 396, 11, 2025, 596, 22, '本科一批', '综合'),
(80, 397, 1, 2024, 598, 39, '本科一批', '物理类'),
(80, 397, 1, 2025, 583, 41, '本科一批', '物理类'),
(80, 397, 19, 2024, 601, 12, '本科一批', '物理类'),
(80, 397, 19, 2025, 613, 44, '本科一批', '物理类'),
(80, 397, 11, 2024, 617, 22, '本科一批', '综合'),
(80, 397, 11, 2025, 593, 21, '本科一批', '综合'),
(80, 398, 1, 2024, 591, 48, '本科一批', '物理类'),
(80, 398, 1, 2025, 605, 50, '本科一批', '物理类'),
(80, 398, 19, 2024, 588, 37, '本科一批', '物理类'),
(80, 398, 19, 2025, 595, 19, '本科一批', '物理类'),
(80, 398, 11, 2024, 602, 31, '本科一批', '综合'),
(80, 398, 11, 2025, 585, 21, '本科一批', '综合'),
(80, 399, 1, 2024, 607, 48, '本科一批', '物理类'),
(80, 399, 1, 2025, 607, 23, '本科一批', '物理类'),
(80, 399, 19, 2024, 604, 30, '本科一批', '物理类'),
(80, 399, 19, 2025, 586, 48, '本科一批', '物理类'),
(80, 399, 11, 2024, 588, 18, '本科一批', '综合'),
(80, 399, 11, 2025, 599, 19, '本科一批', '综合'),
(80, 400, 1, 2024, 585, 23, '本科一批', '物理类'),
(80, 400, 1, 2025, 593, 30, '本科一批', '物理类'),
(80, 400, 19, 2024, 584, 29, '本科一批', '物理类'),
(80, 400, 19, 2025, 592, 44, '本科一批', '物理类'),
(80, 400, 11, 2024, 613, 30, '本科一批', '综合'),
(80, 400, 11, 2025, 598, 39, '本科一批', '综合'),
(81, 401, 1, 2024, 598, 28, '本科一批', '物理类'),
(81, 401, 1, 2025, 597, 44, '本科一批', '物理类'),
(81, 401, 19, 2024, 615, 48, '本科一批', '物理类'),
(81, 401, 19, 2025, 600, 14, '本科一批', '物理类'),
(81, 401, 11, 2024, 591, 21, '本科一批', '综合'),
(81, 401, 11, 2025, 597, 39, '本科一批', '综合'),
(81, 402, 1, 2024, 582, 10, '本科一批', '物理类'),
(81, 402, 1, 2025, 608, 33, '本科一批', '物理类'),
(81, 402, 19, 2024, 598, 18, '本科一批', '物理类'),
(81, 402, 19, 2025, 594, 15, '本科一批', '物理类'),
(81, 402, 11, 2024, 593, 35, '本科一批', '综合'),
(81, 402, 11, 2025, 590, 50, '本科一批', '综合'),
(81, 403, 1, 2024, 614, 47, '本科一批', '物理类'),
(81, 403, 1, 2025, 601, 30, '本科一批', '物理类'),
(81, 403, 19, 2024, 588, 19, '本科一批', '物理类'),
(81, 403, 19, 2025, 603, 28, '本科一批', '物理类'),
(81, 403, 11, 2024, 611, 34, '本科一批', '综合'),
(81, 403, 11, 2025, 597, 20, '本科一批', '综合'),
(81, 404, 1, 2024, 616, 36, '本科一批', '物理类'),
(81, 404, 1, 2025, 595, 31, '本科一批', '物理类'),
(81, 404, 19, 2024, 581, 48, '本科一批', '物理类'),
(81, 404, 19, 2025, 583, 11, '本科一批', '物理类'),
(81, 404, 11, 2024, 595, 21, '本科一批', '综合'),
(81, 404, 11, 2025, 606, 27, '本科一批', '综合'),
(81, 405, 1, 2024, 620, 46, '本科一批', '物理类'),
(81, 405, 1, 2025, 595, 35, '本科一批', '物理类'),
(81, 405, 19, 2024, 593, 50, '本科一批', '物理类'),
(81, 405, 19, 2025, 606, 32, '本科一批', '物理类'),
(81, 405, 11, 2024, 597, 26, '本科一批', '综合'),
(81, 405, 11, 2025, 598, 27, '本科一批', '综合'),
(82, 406, 1, 2024, 604, 19, '本科一批', '历史类'),
(82, 406, 1, 2025, 593, 19, '本科一批', '历史类'),
(82, 406, 19, 2024, 592, 38, '本科一批', '历史类'),
(82, 406, 19, 2025, 588, 34, '本科一批', '历史类'),
(82, 406, 11, 2024, 618, 26, '本科一批', '综合'),
(82, 406, 11, 2025, 595, 22, '本科一批', '综合'),
(82, 407, 1, 2024, 581, 22, '本科一批', '历史类'),
(82, 407, 1, 2025, 610, 12, '本科一批', '物理类'),
(82, 407, 19, 2024, 604, 16, '本科一批', '物理类'),
(82, 407, 19, 2025, 587, 16, '本科一批', '物理类'),
(82, 407, 11, 2024, 611, 48, '本科一批', '综合'),
(82, 407, 11, 2025, 584, 39, '本科一批', '综合'),
(82, 408, 1, 2024, 584, 35, '本科一批', '历史类'),
(82, 408, 1, 2025, 602, 45, '本科一批', '历史类'),
(82, 408, 19, 2024, 597, 18, '本科一批', '物理类'),
(82, 408, 19, 2025, 618, 14, '本科一批', '物理类'),
(82, 408, 11, 2024, 592, 29, '本科一批', '综合'),
(82, 408, 11, 2025, 608, 49, '本科一批', '综合'),
(82, 409, 1, 2024, 591, 19, '本科一批', '历史类'),
(82, 409, 1, 2025, 607, 42, '本科一批', '物理类'),
(82, 409, 19, 2024, 603, 22, '本科一批', '历史类'),
(82, 409, 19, 2025, 620, 31, '本科一批', '物理类'),
(82, 409, 11, 2024, 603, 24, '本科一批', '综合'),
(82, 409, 11, 2025, 612, 18, '本科一批', '综合'),
(82, 410, 1, 2024, 615, 31, '本科一批', '历史类'),
(82, 410, 1, 2025, 605, 34, '本科一批', '物理类'),
(82, 410, 19, 2024, 597, 37, '本科一批', '历史类'),
(82, 410, 19, 2025, 620, 50, '本科一批', '历史类'),
(82, 410, 11, 2024, 596, 29, '本科一批', '综合'),
(82, 410, 11, 2025, 604, 34, '本科一批', '综合'),
(83, 411, 1, 2024, 588, 17, '本科一批', '物理类'),
(83, 411, 1, 2025, 619, 16, '本科一批', '物理类'),
(83, 411, 19, 2024, 587, 21, '本科一批', '历史类'),
(83, 411, 19, 2025, 581, 32, '本科一批', '物理类'),
(83, 411, 11, 2024, 601, 32, '本科一批', '综合'),
(83, 411, 11, 2025, 595, 36, '本科一批', '综合'),
(83, 412, 1, 2024, 595, 16, '本科一批', '物理类'),
(83, 412, 1, 2025, 594, 28, '本科一批', '历史类'),
(83, 412, 19, 2024, 597, 17, '本科一批', '历史类'),
(83, 412, 19, 2025, 606, 48, '本科一批', '历史类'),
(83, 412, 11, 2024, 618, 15, '本科一批', '综合'),
(83, 412, 11, 2025, 605, 33, '本科一批', '综合'),
(83, 413, 1, 2024, 607, 47, '本科一批', '历史类'),
(83, 413, 1, 2025, 595, 24, '本科一批', '物理类'),
(83, 413, 19, 2024, 607, 40, '本科一批', '历史类'),
(83, 413, 19, 2025, 602, 15, '本科一批', '物理类'),
(83, 413, 11, 2024, 602, 49, '本科一批', '综合'),
(83, 413, 11, 2025, 587, 30, '本科一批', '综合'),
(83, 414, 1, 2024, 591, 22, '本科一批', '历史类'),
(83, 414, 1, 2025, 582, 29, '本科一批', '历史类'),
(83, 414, 19, 2024, 595, 31, '本科一批', '物理类'),
(83, 414, 19, 2025, 620, 39, '本科一批', '物理类'),
(83, 414, 11, 2024, 582, 11, '本科一批', '综合'),
(83, 414, 11, 2025, 619, 39, '本科一批', '综合'),
(83, 415, 1, 2024, 591, 18, '本科一批', '历史类'),
(83, 415, 1, 2025, 591, 26, '本科一批', '物理类'),
(83, 415, 19, 2024, 620, 15, '本科一批', '物理类'),
(83, 415, 19, 2025, 593, 10, '本科一批', '历史类'),
(83, 415, 11, 2024, 595, 14, '本科一批', '综合'),
(83, 415, 11, 2025, 618, 42, '本科一批', '综合'),
(84, 416, 1, 2024, 596, 42, '本科一批', '物理类'),
(84, 416, 1, 2025, 603, 46, '本科一批', '物理类'),
(84, 416, 19, 2024, 597, 35, '本科一批', '物理类'),
(84, 416, 19, 2025, 614, 28, '本科一批', '物理类'),
(84, 416, 11, 2024, 601, 41, '本科一批', '综合'),
(84, 416, 11, 2025, 611, 20, '本科一批', '综合'),
(84, 417, 1, 2024, 610, 27, '本科一批', '物理类'),
(84, 417, 1, 2025, 618, 19, '本科一批', '物理类'),
(84, 417, 19, 2024, 618, 44, '本科一批', '物理类'),
(84, 417, 19, 2025, 593, 41, '本科一批', '物理类'),
(84, 417, 11, 2024, 588, 20, '本科一批', '综合'),
(84, 417, 11, 2025, 596, 25, '本科一批', '综合'),
(84, 418, 1, 2024, 604, 15, '本科一批', '物理类'),
(84, 418, 1, 2025, 585, 39, '本科一批', '物理类'),
(84, 418, 19, 2024, 590, 48, '本科一批', '物理类'),
(84, 418, 19, 2025, 611, 10, '本科一批', '物理类'),
(84, 418, 11, 2024, 586, 29, '本科一批', '综合'),
(84, 418, 11, 2025, 586, 28, '本科一批', '综合'),
(84, 419, 1, 2024, 600, 40, '本科一批', '物理类'),
(84, 419, 1, 2025, 594, 28, '本科一批', '物理类'),
(84, 419, 19, 2024, 582, 32, '本科一批', '物理类'),
(84, 419, 19, 2025, 608, 19, '本科一批', '物理类'),
(84, 419, 11, 2024, 612, 33, '本科一批', '综合'),
(84, 419, 11, 2025, 610, 21, '本科一批', '综合'),
(84, 420, 1, 2024, 607, 38, '本科一批', '物理类'),
(84, 420, 1, 2025, 601, 50, '本科一批', '物理类'),
(84, 420, 19, 2024, 620, 16, '本科一批', '物理类'),
(84, 420, 19, 2025, 617, 23, '本科一批', '物理类'),
(84, 420, 11, 2024, 605, 13, '本科一批', '综合'),
(84, 420, 11, 2025, 603, 41, '本科一批', '综合'),
(85, 421, 1, 2024, 593, 26, '本科一批', '物理类'),
(85, 421, 1, 2025, 601, 20, '本科一批', '物理类'),
(85, 421, 19, 2024, 618, 19, '本科一批', '历史类'),
(85, 421, 19, 2025, 590, 49, '本科一批', '历史类'),
(85, 421, 11, 2024, 607, 26, '本科一批', '综合'),
(85, 421, 11, 2025, 604, 17, '本科一批', '综合'),
(85, 422, 1, 2024, 600, 45, '本科一批', '历史类'),
(85, 422, 1, 2025, 599, 20, '本科一批', '历史类'),
(85, 422, 19, 2024, 611, 44, '本科一批', '历史类'),
(85, 422, 19, 2025, 608, 38, '本科一批', '物理类'),
(85, 422, 11, 2024, 599, 13, '本科一批', '综合'),
(85, 422, 11, 2025, 595, 46, '本科一批', '综合'),
(85, 423, 1, 2024, 607, 26, '本科一批', '历史类'),
(85, 423, 1, 2025, 611, 49, '本科一批', '历史类'),
(85, 423, 19, 2024, 593, 10, '本科一批', '物理类'),
(85, 423, 19, 2025, 598, 10, '本科一批', '历史类'),
(85, 423, 11, 2024, 589, 47, '本科一批', '综合'),
(85, 423, 11, 2025, 601, 21, '本科一批', '综合'),
(85, 424, 1, 2024, 586, 21, '本科一批', '物理类'),
(85, 424, 1, 2025, 607, 38, '本科一批', '历史类'),
(85, 424, 19, 2024, 617, 33, '本科一批', '物理类'),
(85, 424, 19, 2025, 600, 27, '本科一批', '历史类'),
(85, 424, 11, 2024, 596, 17, '本科一批', '综合'),
(85, 424, 11, 2025, 583, 40, '本科一批', '综合'),
(85, 425, 1, 2024, 611, 13, '本科一批', '历史类'),
(85, 425, 1, 2025, 596, 29, '本科一批', '历史类'),
(85, 425, 19, 2024, 606, 48, '本科一批', '历史类'),
(85, 425, 19, 2025, 608, 30, '本科一批', '历史类'),
(85, 425, 11, 2024, 619, 47, '本科一批', '综合'),
(85, 425, 11, 2025, 617, 41, '本科一批', '综合'),
(86, 426, 1, 2024, 602, 32, '本科一批', '历史类'),
(86, 426, 1, 2025, 599, 42, '本科一批', '物理类'),
(86, 426, 19, 2024, 612, 18, '本科一批', '物理类'),
(86, 426, 19, 2025, 608, 44, '本科一批', '物理类'),
(86, 426, 11, 2024, 608, 42, '本科一批', '综合'),
(86, 426, 11, 2025, 588, 31, '本科一批', '综合'),
(86, 427, 1, 2024, 581, 24, '本科一批', '物理类'),
(86, 427, 1, 2025, 591, 22, '本科一批', '历史类'),
(86, 427, 19, 2024, 595, 28, '本科一批', '物理类'),
(86, 427, 19, 2025, 587, 37, '本科一批', '历史类'),
(86, 427, 11, 2024, 582, 12, '本科一批', '综合'),
(86, 427, 11, 2025, 618, 46, '本科一批', '综合'),
(86, 428, 1, 2024, 615, 14, '本科一批', '物理类'),
(86, 428, 1, 2025, 585, 36, '本科一批', '物理类'),
(86, 428, 19, 2024, 599, 12, '本科一批', '物理类'),
(86, 428, 19, 2025, 607, 49, '本科一批', '物理类'),
(86, 428, 11, 2024, 581, 19, '本科一批', '综合'),
(86, 428, 11, 2025, 608, 14, '本科一批', '综合'),
(86, 429, 1, 2024, 581, 15, '本科一批', '历史类'),
(86, 429, 1, 2025, 606, 36, '本科一批', '历史类'),
(86, 429, 19, 2024, 602, 13, '本科一批', '物理类'),
(86, 429, 19, 2025, 610, 25, '本科一批', '历史类'),
(86, 429, 11, 2024, 592, 43, '本科一批', '综合'),
(86, 429, 11, 2025, 612, 21, '本科一批', '综合'),
(86, 430, 1, 2024, 597, 49, '本科一批', '历史类'),
(86, 430, 1, 2025, 600, 44, '本科一批', '物理类'),
(86, 430, 19, 2024, 610, 25, '本科一批', '历史类'),
(86, 430, 19, 2025, 592, 25, '本科一批', '物理类'),
(86, 430, 11, 2024, 604, 27, '本科一批', '综合'),
(86, 430, 11, 2025, 620, 38, '本科一批', '综合'),
(87, 431, 1, 2024, 589, 29, '本科一批', '物理类'),
(87, 431, 1, 2025, 592, 41, '本科一批', '物理类'),
(87, 431, 19, 2024, 584, 17, '本科一批', '物理类'),
(87, 431, 19, 2025, 608, 42, '本科一批', '物理类'),
(87, 431, 11, 2024, 609, 26, '本科一批', '综合'),
(87, 431, 11, 2025, 599, 16, '本科一批', '综合'),
(87, 432, 1, 2024, 584, 34, '本科一批', '物理类'),
(87, 432, 1, 2025, 598, 41, '本科一批', '物理类'),
(87, 432, 19, 2024, 594, 33, '本科一批', '物理类'),
(87, 432, 19, 2025, 583, 28, '本科一批', '物理类'),
(87, 432, 11, 2024, 620, 40, '本科一批', '综合'),
(87, 432, 11, 2025, 592, 11, '本科一批', '综合'),
(87, 433, 1, 2024, 594, 15, '本科一批', '物理类'),
(87, 433, 1, 2025, 585, 33, '本科一批', '物理类'),
(87, 433, 19, 2024, 601, 14, '本科一批', '物理类'),
(87, 433, 19, 2025, 598, 10, '本科一批', '物理类'),
(87, 433, 11, 2024, 606, 12, '本科一批', '综合'),
(87, 433, 11, 2025, 607, 50, '本科一批', '综合'),
(87, 434, 1, 2024, 590, 14, '本科一批', '物理类'),
(87, 434, 1, 2025, 601, 13, '本科一批', '物理类'),
(87, 434, 19, 2024, 610, 13, '本科一批', '物理类'),
(87, 434, 19, 2025, 608, 24, '本科一批', '物理类'),
(87, 434, 11, 2024, 583, 16, '本科一批', '综合'),
(87, 434, 11, 2025, 611, 33, '本科一批', '综合'),
(87, 435, 1, 2024, 620, 26, '本科一批', '物理类'),
(87, 435, 1, 2025, 583, 19, '本科一批', '物理类'),
(87, 435, 19, 2024, 581, 30, '本科一批', '物理类'),
(87, 435, 19, 2025, 600, 34, '本科一批', '物理类'),
(87, 435, 11, 2024, 596, 22, '本科一批', '综合'),
(87, 435, 11, 2025, 603, 47, '本科一批', '综合'),
(88, 436, 1, 2024, 605, 43, '本科一批', '历史类'),
(88, 436, 1, 2025, 610, 38, '本科一批', '物理类'),
(88, 436, 19, 2024, 619, 15, '本科一批', '历史类'),
(88, 436, 19, 2025, 602, 15, '本科一批', '历史类'),
(88, 436, 11, 2024, 606, 22, '本科一批', '综合'),
(88, 436, 11, 2025, 612, 22, '本科一批', '综合'),
(88, 437, 1, 2024, 615, 39, '本科一批', '历史类'),
(88, 437, 1, 2025, 588, 50, '本科一批', '物理类'),
(88, 437, 19, 2024, 592, 44, '本科一批', '历史类'),
(88, 437, 19, 2025, 596, 22, '本科一批', '物理类'),
(88, 437, 11, 2024, 587, 23, '本科一批', '综合'),
(88, 437, 11, 2025, 589, 22, '本科一批', '综合'),
(88, 438, 1, 2024, 596, 13, '本科一批', '历史类'),
(88, 438, 1, 2025, 609, 44, '本科一批', '物理类'),
(88, 438, 19, 2024, 587, 29, '本科一批', '物理类'),
(88, 438, 19, 2025, 586, 12, '本科一批', '物理类'),
(88, 438, 11, 2024, 615, 31, '本科一批', '综合'),
(88, 438, 11, 2025, 589, 15, '本科一批', '综合'),
(88, 439, 1, 2024, 581, 24, '本科一批', '物理类'),
(88, 439, 1, 2025, 612, 29, '本科一批', '历史类'),
(88, 439, 19, 2024, 585, 39, '本科一批', '物理类'),
(88, 439, 19, 2025, 602, 46, '本科一批', '物理类'),
(88, 439, 11, 2024, 611, 31, '本科一批', '综合'),
(88, 439, 11, 2025, 614, 41, '本科一批', '综合'),
(88, 440, 1, 2024, 611, 26, '本科一批', '物理类'),
(88, 440, 1, 2025, 602, 22, '本科一批', '历史类'),
(88, 440, 19, 2024, 586, 22, '本科一批', '物理类'),
(88, 440, 19, 2025, 597, 32, '本科一批', '历史类'),
(88, 440, 11, 2024, 589, 26, '本科一批', '综合'),
(88, 440, 11, 2025, 602, 24, '本科一批', '综合'),
(89, 441, 1, 2024, 605, 15, '本科一批', '物理类'),
(89, 441, 1, 2025, 587, 34, '本科一批', '物理类'),
(89, 441, 19, 2024, 600, 45, '本科一批', '物理类'),
(89, 441, 19, 2025, 596, 34, '本科一批', '物理类'),
(89, 441, 11, 2024, 601, 16, '本科一批', '综合'),
(89, 441, 11, 2025, 604, 26, '本科一批', '综合'),
(89, 442, 1, 2024, 586, 46, '本科一批', '物理类'),
(89, 442, 1, 2025, 589, 46, '本科一批', '物理类'),
(89, 442, 19, 2024, 594, 19, '本科一批', '物理类'),
(89, 442, 19, 2025, 602, 21, '本科一批', '物理类'),
(89, 442, 11, 2024, 594, 30, '本科一批', '综合'),
(89, 442, 11, 2025, 589, 14, '本科一批', '综合'),
(89, 443, 1, 2024, 593, 18, '本科一批', '物理类'),
(89, 443, 1, 2025, 602, 25, '本科一批', '物理类'),
(89, 443, 19, 2024, 585, 28, '本科一批', '物理类'),
(89, 443, 19, 2025, 590, 22, '本科一批', '物理类'),
(89, 443, 11, 2024, 589, 48, '本科一批', '综合'),
(89, 443, 11, 2025, 602, 21, '本科一批', '综合'),
(89, 444, 1, 2024, 617, 21, '本科一批', '物理类'),
(89, 444, 1, 2025, 619, 17, '本科一批', '物理类'),
(89, 444, 19, 2024, 614, 27, '本科一批', '物理类'),
(89, 444, 19, 2025, 611, 36, '本科一批', '物理类'),
(89, 444, 11, 2024, 607, 30, '本科一批', '综合'),
(89, 444, 11, 2025, 615, 26, '本科一批', '综合'),
(89, 445, 1, 2024, 600, 48, '本科一批', '物理类'),
(89, 445, 1, 2025, 603, 14, '本科一批', '物理类'),
(89, 445, 19, 2024, 603, 32, '本科一批', '物理类'),
(89, 445, 19, 2025, 607, 16, '本科一批', '物理类'),
(89, 445, 11, 2024, 591, 18, '本科一批', '综合'),
(89, 445, 11, 2025, 592, 22, '本科一批', '综合'),
(90, 446, 1, 2024, 598, 42, '本科一批', '物理类'),
(90, 446, 1, 2025, 590, 35, '本科一批', '物理类'),
(90, 446, 19, 2024, 596, 14, '本科一批', '物理类'),
(90, 446, 19, 2025, 581, 47, '本科一批', '物理类'),
(90, 446, 11, 2024, 583, 41, '本科一批', '综合'),
(90, 446, 11, 2025, 588, 46, '本科一批', '综合'),
(90, 447, 1, 2024, 584, 33, '本科一批', '物理类'),
(90, 447, 1, 2025, 618, 23, '本科一批', '物理类'),
(90, 447, 19, 2024, 608, 20, '本科一批', '物理类'),
(90, 447, 19, 2025, 620, 12, '本科一批', '物理类'),
(90, 447, 11, 2024, 618, 34, '本科一批', '综合'),
(90, 447, 11, 2025, 594, 28, '本科一批', '综合'),
(90, 448, 1, 2024, 582, 27, '本科一批', '物理类'),
(90, 448, 1, 2025, 598, 24, '本科一批', '物理类'),
(90, 448, 19, 2024, 590, 10, '本科一批', '物理类'),
(90, 448, 19, 2025, 605, 41, '本科一批', '物理类'),
(90, 448, 11, 2024, 597, 34, '本科一批', '综合'),
(90, 448, 11, 2025, 581, 49, '本科一批', '综合'),
(90, 449, 1, 2024, 586, 35, '本科一批', '物理类'),
(90, 449, 1, 2025, 616, 10, '本科一批', '物理类'),
(90, 449, 19, 2024, 600, 15, '本科一批', '物理类'),
(90, 449, 19, 2025, 592, 11, '本科一批', '物理类'),
(90, 449, 11, 2024, 619, 25, '本科一批', '综合'),
(90, 449, 11, 2025, 601, 42, '本科一批', '综合'),
(90, 450, 1, 2024, 606, 11, '本科一批', '物理类'),
(90, 450, 1, 2025, 594, 36, '本科一批', '物理类'),
(90, 450, 19, 2024, 608, 22, '本科一批', '物理类'),
(90, 450, 19, 2025, 619, 36, '本科一批', '物理类'),
(90, 450, 11, 2024, 592, 45, '本科一批', '综合'),
(90, 450, 11, 2025, 584, 18, '本科一批', '综合'),
(91, 451, 1, 2024, 613, 36, '本科一批', '物理类'),
(91, 451, 1, 2025, 615, 23, '本科一批', '物理类'),
(91, 451, 19, 2024, 609, 47, '本科一批', '物理类'),
(91, 451, 19, 2025, 580, 35, '本科一批', '物理类'),
(91, 451, 11, 2024, 593, 44, '本科一批', '综合'),
(91, 451, 11, 2025, 613, 29, '本科一批', '综合'),
(91, 452, 1, 2024, 594, 34, '本科一批', '物理类'),
(91, 452, 1, 2025, 583, 33, '本科一批', '物理类'),
(91, 452, 19, 2024, 611, 44, '本科一批', '物理类'),
(91, 452, 19, 2025, 586, 15, '本科一批', '物理类'),
(91, 452, 11, 2024, 615, 45, '本科一批', '综合'),
(91, 452, 11, 2025, 592, 39, '本科一批', '综合'),
(91, 453, 1, 2024, 620, 40, '本科一批', '物理类'),
(91, 453, 1, 2025, 608, 23, '本科一批', '物理类'),
(91, 453, 19, 2024, 582, 44, '本科一批', '物理类'),
(91, 453, 19, 2025, 613, 22, '本科一批', '物理类'),
(91, 453, 11, 2024, 591, 45, '本科一批', '综合'),
(91, 453, 11, 2025, 588, 21, '本科一批', '综合'),
(91, 454, 1, 2024, 614, 33, '本科一批', '物理类'),
(91, 454, 1, 2025, 591, 27, '本科一批', '物理类'),
(91, 454, 19, 2024, 603, 29, '本科一批', '物理类'),
(91, 454, 19, 2025, 602, 36, '本科一批', '物理类'),
(91, 454, 11, 2024, 582, 40, '本科一批', '综合'),
(91, 454, 11, 2025, 581, 20, '本科一批', '综合'),
(91, 455, 1, 2024, 610, 38, '本科一批', '物理类'),
(91, 455, 1, 2025, 584, 50, '本科一批', '物理类'),
(91, 455, 19, 2024, 602, 12, '本科一批', '物理类'),
(91, 455, 19, 2025, 608, 45, '本科一批', '物理类'),
(91, 455, 11, 2024, 590, 30, '本科一批', '综合'),
(91, 455, 11, 2025, 615, 29, '本科一批', '综合'),
(92, 456, 1, 2024, 613, 38, '本科一批', '历史类'),
(92, 456, 1, 2025, 599, 11, '本科一批', '历史类'),
(92, 456, 19, 2024, 591, 48, '本科一批', '历史类'),
(92, 456, 19, 2025, 581, 36, '本科一批', '物理类'),
(92, 456, 11, 2024, 616, 44, '本科一批', '综合'),
(92, 456, 11, 2025, 605, 46, '本科一批', '综合'),
(92, 457, 1, 2024, 582, 10, '本科一批', '历史类'),
(92, 457, 1, 2025, 580, 46, '本科一批', '物理类'),
(92, 457, 19, 2024, 612, 22, '本科一批', '历史类'),
(92, 457, 19, 2025, 609, 15, '本科一批', '历史类'),
(92, 457, 11, 2024, 583, 20, '本科一批', '综合'),
(92, 457, 11, 2025, 590, 21, '本科一批', '综合'),
(92, 458, 1, 2024, 583, 21, '本科一批', '历史类'),
(92, 458, 1, 2025, 610, 48, '本科一批', '历史类'),
(92, 458, 19, 2024, 612, 37, '本科一批', '物理类'),
(92, 458, 19, 2025, 598, 37, '本科一批', '历史类'),
(92, 458, 11, 2024, 600, 21, '本科一批', '综合'),
(92, 458, 11, 2025, 596, 26, '本科一批', '综合'),
(92, 459, 1, 2024, 615, 14, '本科一批', '物理类'),
(92, 459, 1, 2025, 603, 41, '本科一批', '物理类'),
(92, 459, 19, 2024, 604, 25, '本科一批', '历史类'),
(92, 459, 19, 2025, 587, 28, '本科一批', '物理类'),
(92, 459, 11, 2024, 587, 11, '本科一批', '综合'),
(92, 459, 11, 2025, 618, 14, '本科一批', '综合'),
(92, 460, 1, 2024, 580, 17, '本科一批', '物理类'),
(92, 460, 1, 2025, 587, 19, '本科一批', '历史类'),
(92, 460, 19, 2024, 592, 42, '本科一批', '历史类'),
(92, 460, 19, 2025, 608, 36, '本科一批', '物理类'),
(92, 460, 11, 2024, 605, 29, '本科一批', '综合'),
(92, 460, 11, 2025, 597, 37, '本科一批', '综合'),
(93, 461, 1, 2024, 587, 29, '本科一批', '物理类'),
(93, 461, 1, 2025, 610, 42, '本科一批', '历史类'),
(93, 461, 19, 2024, 598, 18, '本科一批', '历史类'),
(93, 461, 19, 2025, 593, 36, '本科一批', '历史类'),
(93, 461, 11, 2024, 605, 11, '本科一批', '综合'),
(93, 461, 11, 2025, 596, 33, '本科一批', '综合'),
(93, 462, 1, 2024, 619, 21, '本科一批', '历史类'),
(93, 462, 1, 2025, 620, 21, '本科一批', '物理类'),
(93, 462, 19, 2024, 602, 32, '本科一批', '物理类'),
(93, 462, 19, 2025, 580, 35, '本科一批', '历史类'),
(93, 462, 11, 2024, 615, 48, '本科一批', '综合'),
(93, 462, 11, 2025, 611, 45, '本科一批', '综合'),
(93, 463, 1, 2024, 604, 37, '本科一批', '历史类'),
(93, 463, 1, 2025, 606, 25, '本科一批', '物理类'),
(93, 463, 19, 2024, 603, 30, '本科一批', '历史类'),
(93, 463, 19, 2025, 592, 40, '本科一批', '历史类'),
(93, 463, 11, 2024, 590, 12, '本科一批', '综合'),
(93, 463, 11, 2025, 615, 50, '本科一批', '综合'),
(93, 464, 1, 2024, 588, 46, '本科一批', '物理类'),
(93, 464, 1, 2025, 591, 48, '本科一批', '历史类'),
(93, 464, 19, 2024, 615, 20, '本科一批', '历史类'),
(93, 464, 19, 2025, 596, 41, '本科一批', '物理类'),
(93, 464, 11, 2024, 612, 36, '本科一批', '综合'),
(93, 464, 11, 2025, 586, 25, '本科一批', '综合'),
(93, 465, 1, 2024, 604, 17, '本科一批', '历史类'),
(93, 465, 1, 2025, 615, 35, '本科一批', '历史类'),
(93, 465, 19, 2024, 615, 14, '本科一批', '物理类'),
(93, 465, 19, 2025, 590, 40, '本科一批', '物理类'),
(93, 465, 11, 2024, 590, 34, '本科一批', '综合'),
(93, 465, 11, 2025, 608, 42, '本科一批', '综合'),
(94, 466, 1, 2024, 594, 22, '本科一批', '历史类'),
(94, 466, 1, 2025, 611, 29, '本科一批', '物理类'),
(94, 466, 19, 2024, 602, 39, '本科一批', '物理类'),
(94, 466, 19, 2025, 596, 45, '本科一批', '物理类'),
(94, 466, 11, 2024, 607, 23, '本科一批', '综合'),
(94, 466, 11, 2025, 602, 24, '本科一批', '综合'),
(94, 467, 1, 2024, 620, 29, '本科一批', '物理类'),
(94, 467, 1, 2025, 596, 24, '本科一批', '物理类'),
(94, 467, 19, 2024, 613, 31, '本科一批', '历史类'),
(94, 467, 19, 2025, 583, 10, '本科一批', '历史类'),
(94, 467, 11, 2024, 615, 48, '本科一批', '综合'),
(94, 467, 11, 2025, 616, 22, '本科一批', '综合'),
(94, 468, 1, 2024, 612, 30, '本科一批', '物理类'),
(94, 468, 1, 2025, 597, 15, '本科一批', '物理类'),
(94, 468, 19, 2024, 609, 14, '本科一批', '物理类'),
(94, 468, 19, 2025, 619, 42, '本科一批', '历史类'),
(94, 468, 11, 2024, 594, 22, '本科一批', '综合'),
(94, 468, 11, 2025, 620, 32, '本科一批', '综合'),
(94, 469, 1, 2024, 616, 37, '本科一批', '物理类'),
(94, 469, 1, 2025, 610, 21, '本科一批', '物理类'),
(94, 469, 19, 2024, 601, 49, '本科一批', '历史类'),
(94, 469, 19, 2025, 598, 40, '本科一批', '历史类'),
(94, 469, 11, 2024, 585, 28, '本科一批', '综合'),
(94, 469, 11, 2025, 580, 21, '本科一批', '综合'),
(94, 470, 1, 2024, 619, 36, '本科一批', '历史类'),
(94, 470, 1, 2025, 588, 48, '本科一批', '物理类'),
(94, 470, 19, 2024, 597, 10, '本科一批', '物理类'),
(94, 470, 19, 2025, 613, 44, '本科一批', '历史类'),
(94, 470, 11, 2024, 612, 18, '本科一批', '综合'),
(94, 470, 11, 2025, 612, 39, '本科一批', '综合'),
(95, 471, 1, 2024, 612, 47, '本科一批', '物理类'),
(95, 471, 1, 2025, 584, 38, '本科一批', '物理类'),
(95, 471, 19, 2024, 605, 50, '本科一批', '物理类'),
(95, 471, 19, 2025, 610, 24, '本科一批', '物理类'),
(95, 471, 11, 2024, 605, 32, '本科一批', '综合'),
(95, 471, 11, 2025, 599, 32, '本科一批', '综合'),
(95, 472, 1, 2024, 613, 30, '本科一批', '物理类'),
(95, 472, 1, 2025, 605, 16, '本科一批', '物理类'),
(95, 472, 19, 2024, 619, 25, '本科一批', '历史类'),
(95, 472, 19, 2025, 591, 18, '本科一批', '物理类'),
(95, 472, 11, 2024, 610, 13, '本科一批', '综合'),
(95, 472, 11, 2025, 596, 33, '本科一批', '综合'),
(95, 473, 1, 2024, 612, 47, '本科一批', '物理类'),
(95, 473, 1, 2025, 590, 32, '本科一批', '物理类'),
(95, 473, 19, 2024, 586, 21, '本科一批', '物理类'),
(95, 473, 19, 2025, 603, 36, '本科一批', '历史类'),
(95, 473, 11, 2024, 600, 12, '本科一批', '综合'),
(95, 473, 11, 2025, 605, 26, '本科一批', '综合'),
(95, 474, 1, 2024, 597, 35, '本科一批', '物理类'),
(95, 474, 1, 2025, 592, 23, '本科一批', '物理类'),
(95, 474, 19, 2024, 609, 29, '本科一批', '物理类'),
(95, 474, 19, 2025, 617, 17, '本科一批', '物理类'),
(95, 474, 11, 2024, 615, 34, '本科一批', '综合'),
(95, 474, 11, 2025, 583, 26, '本科一批', '综合'),
(95, 475, 1, 2024, 592, 50, '本科一批', '物理类'),
(95, 475, 1, 2025, 594, 35, '本科一批', '物理类'),
(95, 475, 19, 2024, 598, 41, '本科一批', '物理类'),
(95, 475, 19, 2025, 599, 24, '本科一批', '历史类'),
(95, 475, 11, 2024, 602, 34, '本科一批', '综合'),
(95, 475, 11, 2025, 584, 11, '本科一批', '综合'),
(96, 476, 1, 2024, 610, 19, '本科一批', '历史类'),
(96, 476, 1, 2025, 596, 15, '本科一批', '历史类'),
(96, 476, 19, 2024, 584, 49, '本科一批', '物理类'),
(96, 476, 19, 2025, 611, 12, '本科一批', '物理类'),
(96, 476, 11, 2024, 589, 40, '本科一批', '综合'),
(96, 476, 11, 2025, 610, 19, '本科一批', '综合'),
(96, 477, 1, 2024, 597, 17, '本科一批', '物理类'),
(96, 477, 1, 2025, 587, 40, '本科一批', '物理类'),
(96, 477, 19, 2024, 608, 36, '本科一批', '物理类'),
(96, 477, 19, 2025, 620, 10, '本科一批', '历史类'),
(96, 477, 11, 2024, 580, 12, '本科一批', '综合'),
(96, 477, 11, 2025, 607, 23, '本科一批', '综合'),
(96, 478, 1, 2024, 611, 37, '本科一批', '历史类'),
(96, 478, 1, 2025, 596, 44, '本科一批', '物理类'),
(96, 478, 19, 2024, 600, 35, '本科一批', '历史类'),
(96, 478, 19, 2025, 611, 45, '本科一批', '历史类'),
(96, 478, 11, 2024, 606, 38, '本科一批', '综合'),
(96, 478, 11, 2025, 607, 47, '本科一批', '综合'),
(96, 479, 1, 2024, 604, 17, '本科一批', '物理类'),
(96, 479, 1, 2025, 585, 30, '本科一批', '物理类'),
(96, 479, 19, 2024, 596, 33, '本科一批', '历史类'),
(96, 479, 19, 2025, 617, 43, '本科一批', '物理类'),
(96, 479, 11, 2024, 591, 23, '本科一批', '综合'),
(96, 479, 11, 2025, 613, 25, '本科一批', '综合'),
(96, 480, 1, 2024, 592, 31, '本科一批', '历史类'),
(96, 480, 1, 2025, 594, 41, '本科一批', '物理类'),
(96, 480, 19, 2024, 617, 37, '本科一批', '历史类'),
(96, 480, 19, 2025, 589, 17, '本科一批', '物理类'),
(96, 480, 11, 2024, 599, 15, '本科一批', '综合'),
(96, 480, 11, 2025, 594, 19, '本科一批', '综合'),
(97, 481, 1, 2024, 595, 42, '本科一批', '历史类'),
(97, 481, 1, 2025, 601, 26, '本科一批', '历史类'),
(97, 481, 19, 2024, 601, 17, '本科一批', '历史类'),
(97, 481, 19, 2025, 585, 29, '本科一批', '历史类'),
(97, 481, 11, 2024, 586, 14, '本科一批', '综合'),
(97, 481, 11, 2025, 589, 42, '本科一批', '综合'),
(97, 482, 1, 2024, 582, 41, '本科一批', '历史类'),
(97, 482, 1, 2025, 586, 36, '本科一批', '历史类'),
(97, 482, 19, 2024, 617, 50, '本科一批', '历史类'),
(97, 482, 19, 2025, 597, 33, '本科一批', '物理类'),
(97, 482, 11, 2024, 619, 12, '本科一批', '综合'),
(97, 482, 11, 2025, 605, 44, '本科一批', '综合'),
(97, 483, 1, 2024, 583, 22, '本科一批', '物理类'),
(97, 483, 1, 2025, 580, 21, '本科一批', '历史类'),
(97, 483, 19, 2024, 618, 49, '本科一批', '物理类'),
(97, 483, 19, 2025, 586, 30, '本科一批', '历史类'),
(97, 483, 11, 2024, 615, 38, '本科一批', '综合'),
(97, 483, 11, 2025, 617, 10, '本科一批', '综合'),
(97, 484, 1, 2024, 616, 23, '本科一批', '历史类'),
(97, 484, 1, 2025, 611, 11, '本科一批', '历史类'),
(97, 484, 19, 2024, 584, 40, '本科一批', '物理类'),
(97, 484, 19, 2025, 611, 39, '本科一批', '物理类'),
(97, 484, 11, 2024, 582, 44, '本科一批', '综合'),
(97, 484, 11, 2025, 584, 29, '本科一批', '综合'),
(97, 485, 1, 2024, 618, 43, '本科一批', '物理类'),
(97, 485, 1, 2025, 620, 11, '本科一批', '历史类'),
(97, 485, 19, 2024, 619, 30, '本科一批', '物理类'),
(97, 485, 19, 2025, 585, 50, '本科一批', '历史类'),
(97, 485, 11, 2024, 611, 21, '本科一批', '综合'),
(97, 485, 11, 2025, 588, 36, '本科一批', '综合'),
(98, 486, 1, 2024, 617, 16, '本科一批', '历史类'),
(98, 486, 1, 2025, 602, 40, '本科一批', '历史类'),
(98, 486, 19, 2024, 615, 37, '本科一批', '历史类'),
(98, 486, 19, 2025, 598, 50, '本科一批', '物理类'),
(98, 486, 11, 2024, 616, 41, '本科一批', '综合'),
(98, 486, 11, 2025, 617, 45, '本科一批', '综合'),
(98, 487, 1, 2024, 602, 43, '本科一批', '物理类'),
(98, 487, 1, 2025, 609, 34, '本科一批', '物理类'),
(98, 487, 19, 2024, 596, 26, '本科一批', '历史类'),
(98, 487, 19, 2025, 615, 40, '本科一批', '物理类'),
(98, 487, 11, 2024, 598, 17, '本科一批', '综合'),
(98, 487, 11, 2025, 589, 22, '本科一批', '综合'),
(98, 488, 1, 2024, 617, 32, '本科一批', '物理类'),
(98, 488, 1, 2025, 587, 23, '本科一批', '历史类'),
(98, 488, 19, 2024, 603, 36, '本科一批', '历史类'),
(98, 488, 19, 2025, 594, 50, '本科一批', '物理类'),
(98, 488, 11, 2024, 609, 49, '本科一批', '综合'),
(98, 488, 11, 2025, 595, 17, '本科一批', '综合'),
(98, 489, 1, 2024, 583, 18, '本科一批', '物理类'),
(98, 489, 1, 2025, 620, 35, '本科一批', '历史类'),
(98, 489, 19, 2024, 596, 41, '本科一批', '物理类'),
(98, 489, 19, 2025, 619, 35, '本科一批', '物理类'),
(98, 489, 11, 2024, 594, 46, '本科一批', '综合'),
(98, 489, 11, 2025, 614, 25, '本科一批', '综合'),
(98, 490, 1, 2024, 605, 12, '本科一批', '历史类'),
(98, 490, 1, 2025, 614, 39, '本科一批', '历史类'),
(98, 490, 19, 2024, 609, 45, '本科一批', '物理类'),
(98, 490, 19, 2025, 585, 30, '本科一批', '历史类'),
(98, 490, 11, 2024, 598, 42, '本科一批', '综合'),
(98, 490, 11, 2025, 619, 11, '本科一批', '综合'),
(99, 491, 1, 2024, 615, 18, '本科一批', '物理类'),
(99, 491, 1, 2025, 600, 39, '本科一批', '历史类'),
(99, 491, 19, 2024, 616, 26, '本科一批', '物理类'),
(99, 491, 19, 2025, 581, 43, '本科一批', '历史类'),
(99, 491, 11, 2024, 616, 15, '本科一批', '综合'),
(99, 491, 11, 2025, 591, 48, '本科一批', '综合'),
(99, 492, 1, 2024, 607, 11, '本科一批', '物理类'),
(99, 492, 1, 2025, 611, 28, '本科一批', '历史类'),
(99, 492, 19, 2024, 615, 39, '本科一批', '历史类'),
(99, 492, 19, 2025, 605, 27, '本科一批', '历史类'),
(99, 492, 11, 2024, 597, 34, '本科一批', '综合'),
(99, 492, 11, 2025, 588, 37, '本科一批', '综合'),
(99, 493, 1, 2024, 611, 41, '本科一批', '物理类'),
(99, 493, 1, 2025, 610, 28, '本科一批', '物理类'),
(99, 493, 19, 2024, 594, 30, '本科一批', '物理类'),
(99, 493, 19, 2025, 592, 28, '本科一批', '物理类'),
(99, 493, 11, 2024, 619, 28, '本科一批', '综合'),
(99, 493, 11, 2025, 597, 16, '本科一批', '综合'),
(99, 494, 1, 2024, 585, 50, '本科一批', '历史类'),
(99, 494, 1, 2025, 582, 15, '本科一批', '历史类'),
(99, 494, 19, 2024, 615, 18, '本科一批', '历史类'),
(99, 494, 19, 2025, 592, 20, '本科一批', '物理类'),
(99, 494, 11, 2024, 601, 19, '本科一批', '综合'),
(99, 494, 11, 2025, 618, 27, '本科一批', '综合'),
(99, 495, 1, 2024, 586, 32, '本科一批', '物理类'),
(99, 495, 1, 2025, 611, 31, '本科一批', '物理类'),
(99, 495, 19, 2024, 599, 47, '本科一批', '物理类'),
(99, 495, 19, 2025, 593, 50, '本科一批', '物理类'),
(99, 495, 11, 2024, 585, 32, '本科一批', '综合'),
(99, 495, 11, 2025, 595, 17, '本科一批', '综合'),
(100, 496, 1, 2024, 612, 49, '本科一批', '物理类'),
(100, 496, 1, 2025, 610, 23, '本科一批', '物理类'),
(100, 496, 19, 2024, 592, 36, '本科一批', '物理类'),
(100, 496, 19, 2025, 613, 43, '本科一批', '物理类'),
(100, 496, 11, 2024, 611, 26, '本科一批', '综合'),
(100, 496, 11, 2025, 598, 30, '本科一批', '综合'),
(100, 497, 1, 2024, 581, 14, '本科一批', '物理类'),
(100, 497, 1, 2025, 608, 42, '本科一批', '物理类'),
(100, 497, 19, 2024, 595, 42, '本科一批', '物理类'),
(100, 497, 19, 2025, 587, 13, '本科一批', '物理类'),
(100, 497, 11, 2024, 595, 19, '本科一批', '综合'),
(100, 497, 11, 2025, 583, 32, '本科一批', '综合'),
(100, 498, 1, 2024, 619, 13, '本科一批', '物理类'),
(100, 498, 1, 2025, 590, 23, '本科一批', '物理类'),
(100, 498, 19, 2024, 590, 11, '本科一批', '物理类'),
(100, 498, 19, 2025, 601, 19, '本科一批', '物理类'),
(100, 498, 11, 2024, 590, 23, '本科一批', '综合'),
(100, 498, 11, 2025, 590, 27, '本科一批', '综合'),
(100, 499, 1, 2024, 592, 46, '本科一批', '物理类'),
(100, 499, 1, 2025, 597, 38, '本科一批', '物理类'),
(100, 499, 19, 2024, 603, 28, '本科一批', '物理类'),
(100, 499, 19, 2025, 605, 43, '本科一批', '物理类'),
(100, 499, 11, 2024, 582, 20, '本科一批', '综合'),
(100, 499, 11, 2025, 595, 42, '本科一批', '综合'),
(100, 500, 1, 2024, 599, 14, '本科一批', '物理类'),
(100, 500, 1, 2025, 590, 42, '本科一批', '物理类'),
(100, 500, 19, 2024, 605, 31, '本科一批', '物理类'),
(100, 500, 19, 2025, 601, 13, '本科一批', '物理类'),
(100, 500, 11, 2024, 600, 22, '本科一批', '综合'),
(100, 500, 11, 2025, 615, 39, '本科一批', '综合'),
(101, 501, 1, 2024, 597, 10, '本科一批', '物理类'),
(101, 501, 1, 2025, 609, 26, '本科一批', '物理类'),
(101, 501, 19, 2024, 605, 22, '本科一批', '物理类'),
(101, 501, 19, 2025, 582, 49, '本科一批', '物理类'),
(101, 501, 11, 2024, 588, 28, '本科一批', '综合'),
(101, 501, 11, 2025, 592, 22, '本科一批', '综合'),
(101, 502, 1, 2024, 594, 44, '本科一批', '物理类'),
(101, 502, 1, 2025, 611, 46, '本科一批', '物理类'),
(101, 502, 19, 2024, 616, 48, '本科一批', '物理类'),
(101, 502, 19, 2025, 605, 20, '本科一批', '物理类'),
(101, 502, 11, 2024, 591, 27, '本科一批', '综合'),
(101, 502, 11, 2025, 618, 28, '本科一批', '综合'),
(101, 503, 1, 2024, 602, 50, '本科一批', '物理类'),
(101, 503, 1, 2025, 597, 32, '本科一批', '物理类'),
(101, 503, 19, 2024, 606, 18, '本科一批', '物理类'),
(101, 503, 19, 2025, 618, 35, '本科一批', '物理类'),
(101, 503, 11, 2024, 591, 42, '本科一批', '综合'),
(101, 503, 11, 2025, 606, 26, '本科一批', '综合'),
(101, 504, 1, 2024, 611, 13, '本科一批', '物理类'),
(101, 504, 1, 2025, 613, 39, '本科一批', '物理类'),
(101, 504, 19, 2024, 611, 10, '本科一批', '物理类'),
(101, 504, 19, 2025, 588, 42, '本科一批', '物理类'),
(101, 504, 11, 2024, 584, 28, '本科一批', '综合'),
(101, 504, 11, 2025, 601, 39, '本科一批', '综合'),
(101, 505, 1, 2024, 620, 27, '本科一批', '物理类'),
(101, 505, 1, 2025, 602, 29, '本科一批', '物理类'),
(101, 505, 19, 2024, 617, 35, '本科一批', '物理类'),
(101, 505, 19, 2025, 619, 28, '本科一批', '物理类'),
(101, 505, 11, 2024, 584, 26, '本科一批', '综合'),
(101, 505, 11, 2025, 617, 17, '本科一批', '综合'),
(102, 506, 1, 2024, 604, 23, '本科一批', '历史类'),
(102, 506, 1, 2025, 599, 42, '本科一批', '物理类'),
(102, 506, 19, 2024, 592, 37, '本科一批', '物理类'),
(102, 506, 19, 2025, 607, 33, '本科一批', '物理类'),
(102, 506, 11, 2024, 582, 21, '本科一批', '综合'),
(102, 506, 11, 2025, 584, 19, '本科一批', '综合'),
(102, 507, 1, 2024, 599, 46, '本科一批', '物理类'),
(102, 507, 1, 2025, 586, 35, '本科一批', '历史类'),
(102, 507, 19, 2024, 593, 15, '本科一批', '物理类'),
(102, 507, 19, 2025, 590, 13, '本科一批', '物理类'),
(102, 507, 11, 2024, 597, 46, '本科一批', '综合'),
(102, 507, 11, 2025, 599, 43, '本科一批', '综合'),
(102, 508, 1, 2024, 620, 24, '本科一批', '物理类'),
(102, 508, 1, 2025, 591, 48, '本科一批', '物理类'),
(102, 508, 19, 2024, 580, 28, '本科一批', '物理类'),
(102, 508, 19, 2025, 610, 47, '本科一批', '物理类'),
(102, 508, 11, 2024, 605, 14, '本科一批', '综合'),
(102, 508, 11, 2025, 594, 11, '本科一批', '综合'),
(102, 509, 1, 2024, 595, 38, '本科一批', '物理类'),
(102, 509, 1, 2025, 612, 45, '本科一批', '历史类'),
(102, 509, 19, 2024, 601, 43, '本科一批', '物理类'),
(102, 509, 19, 2025, 616, 50, '本科一批', '历史类'),
(102, 509, 11, 2024, 589, 40, '本科一批', '综合'),
(102, 509, 11, 2025, 607, 11, '本科一批', '综合'),
(102, 510, 1, 2024, 593, 36, '本科一批', '物理类'),
(102, 510, 1, 2025, 581, 50, '本科一批', '历史类'),
(102, 510, 19, 2024, 582, 14, '本科一批', '历史类'),
(102, 510, 19, 2025, 587, 24, '本科一批', '物理类'),
(102, 510, 11, 2024, 617, 32, '本科一批', '综合'),
(102, 510, 11, 2025, 609, 18, '本科一批', '综合'),
(103, 511, 1, 2024, 580, 20, '本科一批', '历史类'),
(103, 511, 1, 2025, 580, 39, '本科一批', '历史类'),
(103, 511, 19, 2024, 598, 35, '本科一批', '物理类'),
(103, 511, 19, 2025, 608, 17, '本科一批', '历史类'),
(103, 511, 11, 2024, 607, 34, '本科一批', '综合'),
(103, 511, 11, 2025, 614, 22, '本科一批', '综合'),
(103, 512, 1, 2024, 605, 12, '本科一批', '物理类'),
(103, 512, 1, 2025, 616, 27, '本科一批', '物理类'),
(103, 512, 19, 2024, 613, 28, '本科一批', '物理类'),
(103, 512, 19, 2025, 620, 49, '本科一批', '物理类'),
(103, 512, 11, 2024, 580, 46, '本科一批', '综合'),
(103, 512, 11, 2025, 617, 38, '本科一批', '综合'),
(103, 513, 1, 2024, 592, 18, '本科一批', '历史类'),
(103, 513, 1, 2025, 597, 39, '本科一批', '物理类'),
(103, 513, 19, 2024, 605, 46, '本科一批', '历史类'),
(103, 513, 19, 2025, 592, 12, '本科一批', '历史类'),
(103, 513, 11, 2024, 581, 26, '本科一批', '综合'),
(103, 513, 11, 2025, 605, 29, '本科一批', '综合'),
(103, 514, 1, 2024, 617, 31, '本科一批', '历史类'),
(103, 514, 1, 2025, 608, 15, '本科一批', '历史类'),
(103, 514, 19, 2024, 589, 27, '本科一批', '历史类'),
(103, 514, 19, 2025, 589, 10, '本科一批', '历史类'),
(103, 514, 11, 2024, 587, 35, '本科一批', '综合'),
(103, 514, 11, 2025, 585, 24, '本科一批', '综合'),
(103, 515, 1, 2024, 616, 16, '本科一批', '物理类'),
(103, 515, 1, 2025, 587, 44, '本科一批', '物理类'),
(103, 515, 19, 2024, 591, 48, '本科一批', '历史类'),
(103, 515, 19, 2025, 583, 47, '本科一批', '历史类'),
(103, 515, 11, 2024, 608, 50, '本科一批', '综合'),
(103, 515, 11, 2025, 606, 21, '本科一批', '综合'),
(104, 516, 1, 2024, 612, 20, '本科一批', '物理类'),
(104, 516, 1, 2025, 616, 30, '本科一批', '历史类'),
(104, 516, 19, 2024, 590, 18, '本科一批', '历史类'),
(104, 516, 19, 2025, 586, 13, '本科一批', '历史类'),
(104, 516, 11, 2024, 606, 17, '本科一批', '综合'),
(104, 516, 11, 2025, 619, 32, '本科一批', '综合'),
(104, 517, 1, 2024, 613, 42, '本科一批', '历史类'),
(104, 517, 1, 2025, 589, 17, '本科一批', '历史类'),
(104, 517, 19, 2024, 589, 47, '本科一批', '物理类'),
(104, 517, 19, 2025, 615, 35, '本科一批', '物理类'),
(104, 517, 11, 2024, 601, 25, '本科一批', '综合'),
(104, 517, 11, 2025, 612, 47, '本科一批', '综合'),
(104, 518, 1, 2024, 602, 26, '本科一批', '历史类'),
(104, 518, 1, 2025, 613, 18, '本科一批', '物理类'),
(104, 518, 19, 2024, 608, 33, '本科一批', '历史类'),
(104, 518, 19, 2025, 606, 31, '本科一批', '历史类'),
(104, 518, 11, 2024, 618, 49, '本科一批', '综合'),
(104, 518, 11, 2025, 590, 35, '本科一批', '综合'),
(104, 519, 1, 2024, 582, 20, '本科一批', '历史类'),
(104, 519, 1, 2025, 604, 22, '本科一批', '历史类'),
(104, 519, 19, 2024, 606, 14, '本科一批', '物理类'),
(104, 519, 19, 2025, 602, 35, '本科一批', '物理类'),
(104, 519, 11, 2024, 617, 14, '本科一批', '综合'),
(104, 519, 11, 2025, 585, 10, '本科一批', '综合'),
(104, 520, 1, 2024, 620, 20, '本科一批', '物理类'),
(104, 520, 1, 2025, 614, 24, '本科一批', '物理类'),
(104, 520, 19, 2024, 593, 30, '本科一批', '历史类'),
(104, 520, 19, 2025, 593, 36, '本科一批', '历史类'),
(104, 520, 11, 2024, 596, 27, '本科一批', '综合'),
(104, 520, 11, 2025, 597, 50, '本科一批', '综合'),
(105, 521, 1, 2024, 593, 48, '本科一批', '物理类'),
(105, 521, 1, 2025, 585, 31, '本科一批', '物理类'),
(105, 521, 19, 2024, 609, 12, '本科一批', '物理类'),
(105, 521, 19, 2025, 601, 40, '本科一批', '历史类'),
(105, 521, 11, 2024, 619, 27, '本科一批', '综合'),
(105, 521, 11, 2025, 589, 33, '本科一批', '综合'),
(105, 522, 1, 2024, 595, 50, '本科一批', '历史类'),
(105, 522, 1, 2025, 603, 33, '本科一批', '物理类'),
(105, 522, 19, 2024, 589, 15, '本科一批', '物理类'),
(105, 522, 19, 2025, 590, 22, '本科一批', '物理类'),
(105, 522, 11, 2024, 593, 44, '本科一批', '综合'),
(105, 522, 11, 2025, 593, 43, '本科一批', '综合'),
(105, 523, 1, 2024, 585, 45, '本科一批', '历史类'),
(105, 523, 1, 2025, 595, 40, '本科一批', '物理类'),
(105, 523, 19, 2024, 580, 28, '本科一批', '历史类'),
(105, 523, 19, 2025, 580, 46, '本科一批', '历史类'),
(105, 523, 11, 2024, 616, 16, '本科一批', '综合'),
(105, 523, 11, 2025, 616, 26, '本科一批', '综合'),
(105, 524, 1, 2024, 620, 39, '本科一批', '物理类'),
(105, 524, 1, 2025, 617, 35, '本科一批', '历史类'),
(105, 524, 19, 2024, 619, 10, '本科一批', '历史类'),
(105, 524, 19, 2025, 589, 42, '本科一批', '历史类'),
(105, 524, 11, 2024, 607, 11, '本科一批', '综合'),
(105, 524, 11, 2025, 594, 43, '本科一批', '综合'),
(105, 525, 1, 2024, 587, 49, '本科一批', '历史类'),
(105, 525, 1, 2025, 581, 37, '本科一批', '物理类'),
(105, 525, 19, 2024, 606, 14, '本科一批', '历史类'),
(105, 525, 19, 2025, 600, 50, '本科一批', '历史类'),
(105, 525, 11, 2024, 584, 16, '本科一批', '综合'),
(105, 525, 11, 2025, 593, 30, '本科一批', '综合'),
(106, 526, 1, 2024, 611, 19, '本科一批', '历史类'),
(106, 526, 1, 2025, 595, 41, '本科一批', '物理类'),
(106, 526, 19, 2024, 592, 38, '本科一批', '物理类'),
(106, 526, 19, 2025, 608, 35, '本科一批', '历史类'),
(106, 526, 11, 2024, 610, 28, '本科一批', '综合'),
(106, 526, 11, 2025, 581, 44, '本科一批', '综合'),
(106, 527, 1, 2024, 611, 25, '本科一批', '历史类'),
(106, 527, 1, 2025, 581, 33, '本科一批', '物理类'),
(106, 527, 19, 2024, 611, 29, '本科一批', '物理类'),
(106, 527, 19, 2025, 588, 37, '本科一批', '历史类'),
(106, 527, 11, 2024, 594, 13, '本科一批', '综合'),
(106, 527, 11, 2025, 615, 11, '本科一批', '综合'),
(106, 528, 1, 2024, 600, 25, '本科一批', '历史类'),
(106, 528, 1, 2025, 606, 36, '本科一批', '历史类'),
(106, 528, 19, 2024, 617, 12, '本科一批', '物理类'),
(106, 528, 19, 2025, 596, 31, '本科一批', '物理类'),
(106, 528, 11, 2024, 605, 26, '本科一批', '综合'),
(106, 528, 11, 2025, 583, 26, '本科一批', '综合'),
(106, 529, 1, 2024, 617, 31, '本科一批', '历史类'),
(106, 529, 1, 2025, 586, 47, '本科一批', '物理类'),
(106, 529, 19, 2024, 595, 45, '本科一批', '物理类'),
(106, 529, 19, 2025, 600, 20, '本科一批', '历史类'),
(106, 529, 11, 2024, 605, 36, '本科一批', '综合'),
(106, 529, 11, 2025, 598, 44, '本科一批', '综合'),
(106, 530, 1, 2024, 581, 16, '本科一批', '历史类'),
(106, 530, 1, 2025, 588, 10, '本科一批', '历史类'),
(106, 530, 19, 2024, 592, 20, '本科一批', '物理类'),
(106, 530, 19, 2025, 620, 21, '本科一批', '历史类'),
(106, 530, 11, 2024, 615, 34, '本科一批', '综合'),
(106, 530, 11, 2025, 581, 28, '本科一批', '综合'),
(107, 531, 1, 2024, 614, 29, '本科一批', '物理类'),
(107, 531, 1, 2025, 598, 16, '本科一批', '物理类'),
(107, 531, 19, 2024, 588, 44, '本科一批', '物理类'),
(107, 531, 19, 2025, 589, 35, '本科一批', '物理类'),
(107, 531, 11, 2024, 584, 27, '本科一批', '综合'),
(107, 531, 11, 2025, 606, 22, '本科一批', '综合'),
(107, 532, 1, 2024, 580, 21, '本科一批', '物理类'),
(107, 532, 1, 2025, 592, 33, '本科一批', '物理类'),
(107, 532, 19, 2024, 596, 34, '本科一批', '物理类'),
(107, 532, 19, 2025, 610, 44, '本科一批', '物理类'),
(107, 532, 11, 2024, 604, 15, '本科一批', '综合'),
(107, 532, 11, 2025, 620, 16, '本科一批', '综合'),
(107, 533, 1, 2024, 607, 32, '本科一批', '物理类'),
(107, 533, 1, 2025, 580, 40, '本科一批', '物理类'),
(107, 533, 19, 2024, 614, 27, '本科一批', '物理类'),
(107, 533, 19, 2025, 589, 43, '本科一批', '物理类'),
(107, 533, 11, 2024, 602, 15, '本科一批', '综合'),
(107, 533, 11, 2025, 580, 11, '本科一批', '综合'),
(107, 534, 1, 2024, 604, 15, '本科一批', '物理类'),
(107, 534, 1, 2025, 587, 35, '本科一批', '物理类'),
(107, 534, 19, 2024, 619, 43, '本科一批', '物理类'),
(107, 534, 19, 2025, 602, 18, '本科一批', '物理类'),
(107, 534, 11, 2024, 580, 48, '本科一批', '综合'),
(107, 534, 11, 2025, 613, 50, '本科一批', '综合'),
(107, 535, 1, 2024, 616, 18, '本科一批', '物理类'),
(107, 535, 1, 2025, 591, 14, '本科一批', '物理类'),
(107, 535, 19, 2024, 596, 43, '本科一批', '物理类'),
(107, 535, 19, 2025, 600, 48, '本科一批', '物理类'),
(107, 535, 11, 2024, 599, 15, '本科一批', '综合'),
(107, 535, 11, 2025, 584, 28, '本科一批', '综合'),
(108, 536, 1, 2024, 611, 32, '本科一批', '物理类'),
(108, 536, 1, 2025, 596, 28, '本科一批', '物理类'),
(108, 536, 19, 2024, 616, 33, '本科一批', '物理类'),
(108, 536, 19, 2025, 591, 18, '本科一批', '物理类'),
(108, 536, 11, 2024, 596, 23, '本科一批', '综合'),
(108, 536, 11, 2025, 607, 13, '本科一批', '综合'),
(108, 537, 1, 2024, 590, 11, '本科一批', '物理类'),
(108, 537, 1, 2025, 612, 21, '本科一批', '物理类'),
(108, 537, 19, 2024, 590, 47, '本科一批', '物理类'),
(108, 537, 19, 2025, 603, 30, '本科一批', '物理类'),
(108, 537, 11, 2024, 612, 20, '本科一批', '综合'),
(108, 537, 11, 2025, 587, 17, '本科一批', '综合'),
(108, 538, 1, 2024, 620, 28, '本科一批', '物理类'),
(108, 538, 1, 2025, 594, 10, '本科一批', '物理类'),
(108, 538, 19, 2024, 601, 15, '本科一批', '物理类'),
(108, 538, 19, 2025, 582, 31, '本科一批', '物理类'),
(108, 538, 11, 2024, 591, 45, '本科一批', '综合'),
(108, 538, 11, 2025, 580, 34, '本科一批', '综合'),
(108, 539, 1, 2024, 619, 36, '本科一批', '物理类'),
(108, 539, 1, 2025, 612, 33, '本科一批', '物理类'),
(108, 539, 19, 2024, 581, 24, '本科一批', '物理类'),
(108, 539, 19, 2025, 593, 19, '本科一批', '物理类'),
(108, 539, 11, 2024, 606, 43, '本科一批', '综合'),
(108, 539, 11, 2025, 611, 27, '本科一批', '综合'),
(108, 540, 1, 2024, 584, 38, '本科一批', '物理类'),
(108, 540, 1, 2025, 599, 39, '本科一批', '物理类'),
(108, 540, 19, 2024, 581, 29, '本科一批', '物理类'),
(108, 540, 19, 2025, 605, 18, '本科一批', '物理类'),
(108, 540, 11, 2024, 602, 22, '本科一批', '综合'),
(108, 540, 11, 2025, 596, 18, '本科一批', '综合'),
(109, 541, 1, 2024, 593, 11, '本科一批', '物理类'),
(109, 541, 1, 2025, 603, 42, '本科一批', '物理类'),
(109, 541, 19, 2024, 606, 22, '本科一批', '历史类'),
(109, 541, 19, 2025, 582, 40, '本科一批', '物理类'),
(109, 541, 11, 2024, 591, 39, '本科一批', '综合'),
(109, 541, 11, 2025, 590, 11, '本科一批', '综合'),
(109, 542, 1, 2024, 615, 47, '本科一批', '物理类'),
(109, 542, 1, 2025, 580, 30, '本科一批', '历史类'),
(109, 542, 19, 2024, 606, 34, '本科一批', '物理类'),
(109, 542, 19, 2025, 602, 25, '本科一批', '历史类'),
(109, 542, 11, 2024, 617, 15, '本科一批', '综合'),
(109, 542, 11, 2025, 592, 35, '本科一批', '综合'),
(109, 543, 1, 2024, 617, 26, '本科一批', '历史类'),
(109, 543, 1, 2025, 594, 47, '本科一批', '物理类'),
(109, 543, 19, 2024, 602, 43, '本科一批', '历史类'),
(109, 543, 19, 2025, 615, 48, '本科一批', '物理类'),
(109, 543, 11, 2024, 614, 48, '本科一批', '综合'),
(109, 543, 11, 2025, 583, 25, '本科一批', '综合'),
(109, 544, 1, 2024, 611, 50, '本科一批', '物理类'),
(109, 544, 1, 2025, 599, 29, '本科一批', '物理类'),
(109, 544, 19, 2024, 597, 37, '本科一批', '历史类'),
(109, 544, 19, 2025, 580, 43, '本科一批', '物理类'),
(109, 544, 11, 2024, 614, 37, '本科一批', '综合'),
(109, 544, 11, 2025, 619, 31, '本科一批', '综合'),
(109, 545, 1, 2024, 618, 15, '本科一批', '历史类'),
(109, 545, 1, 2025, 594, 16, '本科一批', '物理类'),
(109, 545, 19, 2024, 583, 15, '本科一批', '历史类'),
(109, 545, 19, 2025, 597, 29, '本科一批', '物理类'),
(109, 545, 11, 2024, 597, 46, '本科一批', '综合'),
(109, 545, 11, 2025, 615, 23, '本科一批', '综合'),
(110, 546, 1, 2024, 614, 15, '本科一批', '历史类'),
(110, 546, 1, 2025, 592, 34, '本科一批', '历史类'),
(110, 546, 19, 2024, 594, 43, '本科一批', '物理类'),
(110, 546, 19, 2025, 609, 21, '本科一批', '历史类'),
(110, 546, 11, 2024, 611, 11, '本科一批', '综合'),
(110, 546, 11, 2025, 613, 43, '本科一批', '综合'),
(110, 547, 1, 2024, 612, 22, '本科一批', '物理类'),
(110, 547, 1, 2025, 586, 43, '本科一批', '历史类'),
(110, 547, 19, 2024, 595, 21, '本科一批', '物理类'),
(110, 547, 19, 2025, 605, 36, '本科一批', '历史类'),
(110, 547, 11, 2024, 605, 19, '本科一批', '综合'),
(110, 547, 11, 2025, 592, 29, '本科一批', '综合'),
(110, 548, 1, 2024, 581, 39, '本科一批', '物理类'),
(110, 548, 1, 2025, 614, 33, '本科一批', '历史类'),
(110, 548, 19, 2024, 584, 14, '本科一批', '历史类'),
(110, 548, 19, 2025, 598, 26, '本科一批', '物理类'),
(110, 548, 11, 2024, 598, 17, '本科一批', '综合'),
(110, 548, 11, 2025, 586, 21, '本科一批', '综合'),
(110, 549, 1, 2024, 600, 34, '本科一批', '物理类'),
(110, 549, 1, 2025, 605, 46, '本科一批', '物理类'),
(110, 549, 19, 2024, 617, 31, '本科一批', '历史类'),
(110, 549, 19, 2025, 607, 40, '本科一批', '物理类'),
(110, 549, 11, 2024, 601, 36, '本科一批', '综合'),
(110, 549, 11, 2025, 589, 38, '本科一批', '综合'),
(110, 550, 1, 2024, 610, 26, '本科一批', '物理类'),
(110, 550, 1, 2025, 620, 42, '本科一批', '物理类'),
(110, 550, 19, 2024, 614, 33, '本科一批', '物理类'),
(110, 550, 19, 2025, 601, 40, '本科一批', '历史类'),
(110, 550, 11, 2024, 598, 36, '本科一批', '综合'),
(110, 550, 11, 2025, 585, 29, '本科一批', '综合'),
(111, 551, 1, 2024, 596, 11, '本科一批', '物理类'),
(111, 551, 1, 2025, 604, 24, '本科一批', '历史类'),
(111, 551, 19, 2024, 613, 14, '本科一批', '物理类'),
(111, 551, 19, 2025, 619, 37, '本科一批', '历史类'),
(111, 551, 11, 2024, 616, 36, '本科一批', '综合'),
(111, 551, 11, 2025, 590, 22, '本科一批', '综合'),
(111, 552, 1, 2024, 596, 50, '本科一批', '历史类'),
(111, 552, 1, 2025, 604, 42, '本科一批', '历史类'),
(111, 552, 19, 2024, 589, 49, '本科一批', '历史类'),
(111, 552, 19, 2025, 593, 20, '本科一批', '历史类'),
(111, 552, 11, 2024, 619, 45, '本科一批', '综合'),
(111, 552, 11, 2025, 580, 43, '本科一批', '综合'),
(111, 553, 1, 2024, 582, 17, '本科一批', '历史类'),
(111, 553, 1, 2025, 589, 16, '本科一批', '物理类'),
(111, 553, 19, 2024, 607, 31, '本科一批', '物理类'),
(111, 553, 19, 2025, 598, 41, '本科一批', '物理类'),
(111, 553, 11, 2024, 589, 30, '本科一批', '综合'),
(111, 553, 11, 2025, 594, 29, '本科一批', '综合'),
(111, 554, 1, 2024, 617, 46, '本科一批', '物理类'),
(111, 554, 1, 2025, 603, 31, '本科一批', '物理类'),
(111, 554, 19, 2024, 616, 27, '本科一批', '历史类'),
(111, 554, 19, 2025, 613, 35, '本科一批', '物理类'),
(111, 554, 11, 2024, 597, 50, '本科一批', '综合'),
(111, 554, 11, 2025, 603, 39, '本科一批', '综合'),
(111, 555, 1, 2024, 582, 40, '本科一批', '历史类'),
(111, 555, 1, 2025, 608, 23, '本科一批', '物理类'),
(111, 555, 19, 2024, 586, 50, '本科一批', '历史类'),
(111, 555, 19, 2025, 612, 35, '本科一批', '物理类'),
(111, 555, 11, 2024, 609, 34, '本科一批', '综合'),
(111, 555, 11, 2025, 580, 12, '本科一批', '综合'),
(112, 556, 1, 2024, 608, 46, '本科一批', '物理类'),
(112, 556, 1, 2025, 611, 15, '本科一批', '历史类'),
(112, 556, 19, 2024, 615, 37, '本科一批', '物理类'),
(112, 556, 19, 2025, 594, 45, '本科一批', '历史类'),
(112, 556, 11, 2024, 589, 24, '本科一批', '综合'),
(112, 556, 11, 2025, 611, 42, '本科一批', '综合'),
(112, 557, 1, 2024, 602, 23, '本科一批', '历史类'),
(112, 557, 1, 2025, 612, 45, '本科一批', '历史类'),
(112, 557, 19, 2024, 590, 12, '本科一批', '历史类'),
(112, 557, 19, 2025, 595, 32, '本科一批', '物理类'),
(112, 557, 11, 2024, 601, 31, '本科一批', '综合'),
(112, 557, 11, 2025, 620, 38, '本科一批', '综合'),
(112, 558, 1, 2024, 590, 24, '本科一批', '物理类'),
(112, 558, 1, 2025, 607, 12, '本科一批', '物理类'),
(112, 558, 19, 2024, 614, 30, '本科一批', '历史类'),
(112, 558, 19, 2025, 608, 42, '本科一批', '物理类'),
(112, 558, 11, 2024, 605, 43, '本科一批', '综合'),
(112, 558, 11, 2025, 620, 10, '本科一批', '综合'),
(112, 559, 1, 2024, 594, 21, '本科一批', '物理类'),
(112, 559, 1, 2025, 596, 15, '本科一批', '历史类'),
(112, 559, 19, 2024, 595, 20, '本科一批', '物理类'),
(112, 559, 19, 2025, 609, 14, '本科一批', '物理类'),
(112, 559, 11, 2024, 602, 12, '本科一批', '综合'),
(112, 559, 11, 2025, 615, 37, '本科一批', '综合'),
(112, 560, 1, 2024, 616, 27, '本科一批', '物理类'),
(112, 560, 1, 2025, 607, 22, '本科一批', '物理类'),
(112, 560, 19, 2024, 598, 36, '本科一批', '物理类'),
(112, 560, 19, 2025, 584, 45, '本科一批', '历史类'),
(112, 560, 11, 2024, 582, 30, '本科一批', '综合'),
(112, 560, 11, 2025, 609, 45, '本科一批', '综合'),
(113, 561, 1, 2024, 605, 43, '本科一批', '历史类'),
(113, 561, 1, 2025, 587, 40, '本科一批', '历史类'),
(113, 561, 19, 2024, 582, 45, '本科一批', '物理类'),
(113, 561, 19, 2025, 586, 50, '本科一批', '物理类'),
(113, 561, 11, 2024, 587, 50, '本科一批', '综合'),
(113, 561, 11, 2025, 596, 14, '本科一批', '综合'),
(113, 562, 1, 2024, 620, 41, '本科一批', '物理类'),
(113, 562, 1, 2025, 615, 37, '本科一批', '物理类'),
(113, 562, 19, 2024, 599, 16, '本科一批', '物理类'),
(113, 562, 19, 2025, 584, 40, '本科一批', '历史类'),
(113, 562, 11, 2024, 610, 42, '本科一批', '综合'),
(113, 562, 11, 2025, 611, 24, '本科一批', '综合'),
(113, 563, 1, 2024, 601, 37, '本科一批', '历史类'),
(113, 563, 1, 2025, 595, 48, '本科一批', '物理类'),
(113, 563, 19, 2024, 605, 30, '本科一批', '物理类'),
(113, 563, 19, 2025, 591, 39, '本科一批', '历史类'),
(113, 563, 11, 2024, 601, 47, '本科一批', '综合'),
(113, 563, 11, 2025, 601, 41, '本科一批', '综合'),
(113, 564, 1, 2024, 589, 18, '本科一批', '历史类'),
(113, 564, 1, 2025, 589, 10, '本科一批', '历史类'),
(113, 564, 19, 2024, 580, 26, '本科一批', '历史类'),
(113, 564, 19, 2025, 580, 30, '本科一批', '物理类'),
(113, 564, 11, 2024, 597, 27, '本科一批', '综合'),
(113, 564, 11, 2025, 603, 40, '本科一批', '综合'),
(113, 565, 1, 2024, 592, 40, '本科一批', '物理类'),
(113, 565, 1, 2025, 601, 49, '本科一批', '历史类'),
(113, 565, 19, 2024, 581, 10, '本科一批', '物理类'),
(113, 565, 19, 2025, 600, 13, '本科一批', '物理类'),
(113, 565, 11, 2024, 608, 39, '本科一批', '综合'),
(113, 565, 11, 2025, 607, 42, '本科一批', '综合');
